edge,adamic_adar,jaccard,preferential_attachment,resource_allocation,common_neighbors,shortest_path,deg_u,deg_v,wdeg_u,wdeg_v,clustering_u,clustering_v,label
"('tklohman', 'stevenharris')",1.4426950408889634,0.2857142857142857,20,0.5,2,2,5,4,25,26,0.5,0.0,1
"('rickbuy', 'raymondbowen')",0.0,0.0,6,0.0,0,3,6,1,17,3,0.06666666666666667,0.0,1
"('rickbuy', 'johnlavorato')",0.0,0.0,66,0.0,0,3,6,11,17,40,0.06666666666666667,0.21818181818181817,1
"('rickbuy', 'kennethlay')",0.0,0.0,30,0.0,0,3,6,5,17,9,0.06666666666666667,0.4,1
"('rickbuy', 'lisamellencamp')",0.0,0.0,6,0.0,0,3,6,1,17,9,0.06666666666666667,0.0,1
"('rickbuy', 'tanyarohauer')",0.0,0.0,24,0.0,0,3,6,4,17,8,0.06666666666666667,0.6666666666666666,1
"('rickbuy', 'louisekitchen')",2.252921681630931,0.12,132,0.7833333333333333,3,2,6,22,17,80,0.06666666666666667,0.1038961038961039,1
"('richardshapiro', 'raymondbowen')",0.32351545314867247,0.09090909090909091,11,0.045454545454545456,1,2,11,1,109,3,0.23636363636363636,0.0,1
"('richardshapiro', 'davidoxley')",0.7405478445729188,0.16666666666666666,33,0.13636363636363635,2,2,11,3,109,4,0.23636363636363636,1.0,1
"('richardshapiro', 'karendenne')",1.714838902997292,0.3333333333333333,55,0.3951871657754011,4,2,11,5,109,26,0.23636363636363636,0.4,1
"('richardshapiro', 'joehartsoe')",0.0,0.0,22,0.0,0,5,11,2,109,7,0.23636363636363636,0.0,1
"('richardshapiro', 'arsystem')",0.0,0.0,22,0.0,0,3,11,2,109,3,0.23636363636363636,0.0,1
"('chrisabel', 'shonawilson')",0.6213349345596119,0.3333333333333333,4,0.2,1,2,2,2,4,4,1.0,0.0,1
"('chrisabel', 'louisekitchen')",0.6213349345596119,0.043478260869565216,44,0.2,1,2,2,22,4,80,1.0,0.1038961038961039,1
"('keithholst', 'jayreitmeyer')",0.0,0.0,1,0.0,0,4,1,1,1,3,0.0,0.0,1
"('keithholst', 'barrytycholiz')",0.4170323914242463,0.1,10,0.09090909090909091,1,2,1,10,1,54,0.0,0.2222222222222222,1
"('keithholst', 'inarangel')",0.0,0.0,6,0.0,0,3,1,6,1,19,0.0,0.13333333333333333,1
"('keithholst', 'mikegrigsby')",0.4170323914242463,0.14285714285714285,7,0.09090909090909091,1,2,1,7,1,49,0.0,0.19047619047619047,1
"('info', 'michellecash')",0.0,0.0,5,0.0,0,3,1,5,1,5,0.0,0.0,1
"('info', 'stevenharris')",0.0,0.0,4,0.0,0,3,1,4,1,26,0.0,0.0,1
"('info', 'kevinhyatt')",0.0,0.0,3,0.0,0,6,1,3,1,7,0.0,0.0,1
"('info', 'jamesderrick')",0.0,0.0,3,0.0,0,4,1,3,1,6,0.0,0.0,1
"('info', 'vkamins')",0.0,0.0,1,0.0,0,-1,1,1,1,2,0.0,0.0,1
"('info', 'martincuilla')",0.0,0.0,2,0.0,0,4,1,2,1,8,0.0,0.0,1
"('info', 'geraldnemec')",0.0,0.0,1,0.0,0,-1,1,1,1,19,0.0,0.0,1
"('info', 'sarashackleton')",0.0,0.0,10,0.0,0,4,1,10,1,34,0.0,0.28888888888888886,1
"('info', 'elizabethsager')",0.0,0.0,9,0.0,0,3,1,9,1,15,0.0,0.05555555555555555,1
"('michellecash', 'info')",0.0,0.0,5,0.0,0,3,5,1,5,1,0.0,0.0,1
"('michellecash', 'brittdavis')",0.0,0.0,5,0.0,0,3,5,1,5,1,0.0,0.0,1
"('michellecash', 'alanaronowitz')",0.0,0.0,10,0.0,0,4,5,2,5,7,0.0,0.0,1
"('michellecash', 'brenthendry')",0.0,0.0,5,0.0,0,5,5,1,5,8,0.0,0.0,1
"('michellecash', 'davidoxley')",0.32351545314867247,0.14285714285714285,15,0.045454545454545456,1,2,5,3,5,4,0.0,1.0,1
"('douggilbert-smith', 'elizabethsager')",0.0,0.0,9,0.0,0,4,1,9,1,15,0.0,0.05555555555555555,1
"('stevenharris', 'tklohman')",1.4426950408889634,0.2857142857142857,20,0.5,2,2,4,5,26,25,0.0,0.5,1
"('stevenharris', 'info')",0.0,0.0,4,0.0,0,3,4,1,26,1,0.0,0.0,1
"('stevenharris', 'lindydonoho')",1.4426950408889634,0.2857142857142857,20,0.5,2,2,4,5,26,17,0.0,0.5,1
"('stevenharris', 'kevinhyatt')",0.0,0.0,12,0.0,0,3,4,3,26,7,0.0,0.0,1
"('stevenharris', 'brianredmond')",0.0,0.0,12,0.0,0,3,4,3,26,5,0.0,1.0,1
"('stevenharris', 'shelleycorman')",0.0,0.0,12,0.0,0,3,4,3,26,7,0.0,0.0,1
"('stevenharris', 'lornabrennan')",0.0,0.0,4,0.0,0,4,4,1,26,2,0.0,0.0,1
"('stevenharris', 'lorrainelindberg')",1.4426950408889634,0.3333333333333333,16,0.5,2,2,4,4,26,29,0.0,0.8333333333333334,1
"('stevenharris', 'drewfossum')",1.4426950408889634,0.125,20,0.5,1,2,4,5,26,11,0.0,0.0,1
"('brittdavis', 'michellecash')",0.0,0.0,5,0.0,0,3,1,5,1,5,0.0,0.0,1
"('lindydonoho', 'stevenharris')",1.4426950408889634,0.2857142857142857,20,0.5,2,2,5,4,17,26,0.5,0.0,1
"('lindydonoho', 'shelleycorman')",0.6213349345596119,0.14285714285714285,15,0.2,1,2,5,3,17,7,0.5,0.0,1
"('lindydonoho', 'lornabrennan')",0.0,0.0,5,0.0,0,3,5,1,17,2,0.5,0.0,1
"('raymondbowen', 'rickbuy')",0.0,0.0,6,0.0,0,3,1,6,3,17,0.0,0.06666666666666667,1
"('raymondbowen', 'richardshapiro')",0.32351545314867247,0.09090909090909091,11,0.045454545454545456,1,2,1,11,3,109,0.0,0.23636363636363636,1
"('raymondbowen', 'karendenne')",0.32351545314867247,0.2,5,0.045454545454545456,1,2,1,5,3,26,0.0,0.4,1
"('raymondbowen', 'sallybeck')",0.32351545314867247,0.25,4,0.045454545454545456,1,2,1,4,3,14,0.0,0.16666666666666666,1
"('dutchquigley', 'inarangel')",0.45511961331341866,0.1,36,0.1111111111111111,1,2,6,6,12,19,0.3333333333333333,0.13333333333333333,1
"('paulkaufman', 'karendenne')",0.7699885152890075,0.2857142857142857,20,0.1497326203208556,2,2,4,5,29,26,0.8333333333333334,0.4,1
"('marieheard', 'cheryljohnson')",0.0,0.0,8,0.0,0,3,8,1,25,1,0.6071428571428571,0.0,1
"('marieheard', 'alanaronowitz')",0.3898712452512801,0.1111111111111111,16,0.07692307692307693,1,2,8,2,25,7,0.6071428571428571,0.0,1
"('marieheard', 'brenthendry')",0.43429448190325176,0.125,8,0.1,1,2,8,1,25,8,0.6071428571428571,0.0,1
"('marieheard', 'edwardsacks')",0.43429448190325176,0.1,24,0.1,1,2,8,3,25,3,0.6071428571428571,0.0,1
"('marieheard', 'travismccullough')",0.0,0.0,8,0.0,0,3,8,1,25,1,0.6071428571428571,0.0,1
"('marieheard', 'russelldiamond')",0.0,0.0,8,0.0,0,3,8,1,25,3,0.6071428571428571,0.0,1
"('marieheard', 'elizabethsager')",1.1556420023477334,0.13333333333333333,72,0.35,2,2,8,9,25,15,0.6071428571428571,0.05555555555555555,1
"('marieheard', 'laureladams')",0.43429448190325176,0.1,24,0.1,1,2,8,3,25,4,0.6071428571428571,0.0,1
"('marieheard', 'debraperlingiere')",0.0,0.0,8,0.0,0,-1,8,1,25,19,0.6071428571428571,0.0,1
"('kaymann', 'marcusnettelton')",0.45511961331341866,0.25,6,0.1111111111111111,1,2,2,3,2,5,0.0,0.0,1
"('kaymann', 'geraldnemec')",0.0,0.0,2,0.0,0,-1,2,1,2,19,0.0,0.0,1
"('scottneal', 'johnlavorato')",0.0,0.0,33,0.0,0,-1,3,11,3,40,0.0,0.21818181818181817,1
"('scottneal', 'victorlamadrid')",0.0,0.0,3,0.0,0,-1,3,1,3,2,0.0,0.0,1
"('scottneal', 'johnarnold')",0.0,0.0,27,0.0,0,-1,3,9,3,38,0.0,0.1388888888888889,1
"('scottneal', 'mikegrigsby')",0.0,0.0,21,0.0,0,-1,3,7,3,49,0.0,0.19047619047619047,1
"('johnlavorato', 'rickbuy')",0.0,0.0,66,0.0,0,3,11,6,40,17,0.21818181818181817,0.06666666666666667,1
"('johnlavorato', 'scottneal')",0.0,0.0,33,0.0,0,-1,11,3,40,3,0.21818181818181817,0.0,1
"('johnlavorato', 'timbelden')",0.0,0.0,66,0.0,0,3,11,6,40,49,0.21818181818181817,0.2,1
"('johnlavorato', 'robmilnthorp')",0.32351545314867247,0.09090909090909091,11,0.045454545454545456,1,2,11,1,40,3,0.21818181818181817,0.0,1
"('johnlavorato', 'robertbadeer')",0.5138983423697507,0.09090909090909091,11,0.14285714285714285,1,2,11,1,40,2,0.21818181818181817,0.0,1
"('kevinhyatt', 'info')",0.0,0.0,3,0.0,0,6,3,1,7,1,0.0,0.0,1
"('kevinhyatt', 'stevenharris')",0.0,0.0,12,0.0,0,3,3,4,7,26,0.0,0.0,1
"('kevinhyatt', 'lorrainelindberg')",0.6213349345596119,0.16666666666666666,12,0.2,1,2,3,4,7,29,0.0,0.8333333333333334,1
"('kevinhyatt', 'kennethlay')",0.0,0.0,15,0.0,0,6,3,5,7,9,0.0,0.4,1
"('kevinhyatt', 'drewfossum')",0.0,0.0,15,0.0,0,3,3,5,7,11,0.0,0.0,1
"('brianredmond', 'stevenharris')",0.0,0.0,12,0.0,0,3,3,4,5,26,1.0,0.0,1
"('brianredmond', 'jimschwieger')",0.32351545314867247,0.2,9,0.045454545454545456,1,2,3,3,5,4,1.0,0.3333333333333333,1
"('cheryljohnson', 'marieheard')",0.0,0.0,8,0.0,0,3,1,8,1,25,0.0,0.6071428571428571,1
"('cheryljohnson', 'stephaniepanus')",0.0,0.0,6,0.0,0,3,1,6,1,6,0.0,0.9333333333333333,1
"('cheryljohnson', 'tanajones')",0.0,0.0,13,0.0,0,4,1,13,1,36,0.0,0.15384615384615385,1
"('cheryljohnson', 'debraperlingiere')",0.0,0.0,1,0.0,0,-1,1,1,1,19,0.0,0.0,1
"('johnambler', 'shelleycorman')",0.0,0.0,3,0.0,0,6,1,3,2,7,0.0,0.0,1
"('johnambler', 'gregwhalley')",0.0,0.0,11,0.0,0,3,1,11,2,21,0.0,0.3090909090909091,1
"('johnambler', 'kennethlay')",0.0,0.0,5,0.0,0,4,1,5,2,9,0.0,0.4,1
"('shelleycorman', 'stevenharris')",0.0,0.0,12,0.0,0,3,3,4,7,26,0.0,0.0,1
"('shelleycorman', 'lindydonoho')",0.6213349345596119,0.14285714285714285,15,0.2,1,2,3,5,7,17,0.0,0.5,1
"('shelleycorman', 'johnambler')",0.0,0.0,3,0.0,0,6,3,1,7,2,0.0,0.0,1
"('shelleycorman', 'rodhayslett')",0.6213349345596119,0.25,6,0.2,1,2,3,2,7,4,0.0,0.0,1
"('jeffdasovich', 'wescolwell')",0.32351545314867247,0.05555555555555555,51,0.045454545454545456,1,2,17,3,280,4,0.1619047619047619,0.6666666666666666,1
"('jeffdasovich', 'robertfrank')",0.4170323914242463,0.0625,17,0.09090909090909091,1,2,17,1,280,10,0.1619047619047619,0.0,1
"('jeffdasovich', 'lorrainelindberg')",0.0,0.0,68,0.0,0,3,17,4,280,29,0.1619047619047619,0.8333333333333334,1
"('jeffdasovich', 'elizabethlinnell')",0.4170323914242463,0.0625,17,0.09090909090909091,1,2,17,1,280,2,0.1619047619047619,0.0,1
"('jeffdasovich', 'joehartsoe')",0.0,0.0,34,0.0,0,5,17,2,280,7,0.1619047619047619,0.0,1
"('jamesderrick', 'info')",0.0,0.0,3,0.0,0,4,3,1,6,1,0.0,0.0,1
"('jamesderrick', 'markkoenig')",0.0,0.0,9,0.0,0,3,3,3,6,5,0.0,0.0,1
"('jamesderrick', 'gregwhalley')",0.6213349345596119,0.07692307692307693,33,0.2,1,2,3,11,6,21,0.0,0.3090909090909091,1
"('jamesderrick', 'kennethlay')",1.2426698691192237,0.3333333333333333,15,0.4,2,2,3,5,6,9,0.0,0.4,1
"('davidport', 'gregwhalley')",0.32351545314867247,0.06666666666666667,55,0.045454545454545456,1,2,5,11,19,21,0.1,0.3090909090909091,1
"('davidport', 'sallybeck')",2.324321120588883,0.5,20,0.7121212121212122,3,2,5,4,19,14,0.1,0.16666666666666666,1
"('shonawilson', 'chrisabel')",0.6213349345596119,0.3333333333333333,4,0.2,1,2,2,2,4,4,0.0,1.0,1
"('jayreitmeyer', 'keithholst')",0.0,0.0,1,0.0,0,4,1,1,3,1,0.0,0.0,1
"('jayreitmeyer', 'mikegrigsby')",0.5581106265512472,0.14285714285714285,7,0.16666666666666666,1,2,1,7,3,49,0.0,0.19047619047619047,1
"('jayreitmeyer', 'frankermis')",0.0,0.0,2,0.0,0,3,1,2,3,11,0.0,0.0,1
"('jayreitmeyer', 'robertbadeer')",0.0,0.0,1,0.0,0,3,1,1,3,2,0.0,0.0,1
"('alanaronowitz', 'michellecash')",0.0,0.0,10,0.0,0,4,2,5,7,5,0.0,0.0,1
"('alanaronowitz', 'marieheard')",0.3898712452512801,0.1111111111111111,16,0.07692307692307693,1,2,2,8,7,25,0.0,0.6071428571428571,1
"('alanaronowitz', 'brenthendry')",0.0,0.0,2,0.0,0,3,2,1,7,8,0.0,0.0,1
"('alanaronowitz', 'gregwhalley')",0.0,0.0,22,0.0,0,4,2,11,7,21,0.0,0.3090909090909091,1
"('alanaronowitz', 'travismccullough')",0.45511961331341866,0.5,2,0.1111111111111111,1,2,2,1,7,1,0.0,0.0,1
"('alanaronowitz', 'sarashackleton')",0.0,0.0,20,0.0,0,3,2,10,7,34,0.0,0.28888888888888886,1
"('alanaronowitz', 'marycook')",0.8449908585646988,0.2,20,0.18803418803418803,2,2,2,10,7,36,0.0,0.4222222222222222,1
"('markkoenig', 'jamesderrick')",0.0,0.0,9,0.0,0,3,3,3,5,6,0.0,0.0,1
"('markkoenig', 'gregwhalley')",0.32351545314867247,0.07692307692307693,33,0.045454545454545456,1,2,3,11,5,21,0.0,0.3090909090909091,1
"('markkoenig', 'kennethlay')",0.0,0.0,15,0.0,0,3,3,5,5,9,0.0,0.4,1
"('markkoenig', 'karendenne')",0.32351545314867247,0.14285714285714285,15,0.045454545454545456,1,2,3,5,5,26,0.0,0.4,1
"('markkoenig', 'sallybeck')",0.8816260796999197,0.4,12,0.2121212121212121,2,2,3,4,5,14,0.0,0.16666666666666666,1
"('timbelden', 'johnlavorato')",0.0,0.0,66,0.0,0,3,6,11,49,40,0.2,0.21818181818181817,1
"('timbelden', 'louisekitchen')",0.7699885152890075,0.07692307692307693,132,0.1497326203208556,2,2,6,22,49,80,0.2,0.1038961038961039,1
"('marcusnettelton', 'kaymann')",0.45511961331341866,0.25,6,0.1111111111111111,1,2,3,2,5,2,0.0,0.0,1
"('marcusnettelton', 'stephaniepanus')",0.3898712452512801,0.125,18,0.07692307692307693,1,2,3,6,5,6,0.0,0.9333333333333333,1
"('marcusnettelton', 'lisamellencamp')",0.0,0.0,3,0.0,0,4,3,1,5,9,0.0,0.0,1
"('marcusnettelton', 'marycook')",0.8449908585646988,0.18181818181818182,30,0.18803418803418803,2,2,3,10,5,36,0.0,0.4222222222222222,1
"('wescolwell', 'jeffdasovich')",0.32351545314867247,0.05555555555555555,51,0.045454545454545456,1,2,3,17,4,280,0.6666666666666666,0.1619047619047619,1
"('wescolwell', 'rodhayslett')",0.0,0.0,6,0.0,0,4,3,2,4,4,0.6666666666666666,0.0,1
"('robertfrank', 'jeffdasovich')",0.4170323914242463,0.0625,17,0.09090909090909091,1,2,1,17,10,280,0.0,0.1619047619047619,1
"('vkamins', 'info')",0.0,0.0,1,0.0,0,-1,1,1,2,1,0.0,0.0,1
"('matthewlenhart', 'martincuilla')",0.7213475204444817,0.25,6,0.25,1,2,3,2,6,8,0.6666666666666666,0.0,1
"('matthewlenhart', 'torikuykendall')",0.5581106265512472,0.3333333333333333,3,0.16666666666666666,1,2,3,1,6,2,0.6666666666666666,0.0,1
"('brenthendry', 'michellecash')",0.0,0.0,5,0.0,0,5,1,5,8,5,0.0,0.0,1
"('brenthendry', 'marieheard')",0.43429448190325176,0.125,8,0.1,1,2,1,8,8,25,0.0,0.6071428571428571,1
"('brenthendry', 'alanaronowitz')",0.0,0.0,2,0.0,0,3,1,2,8,7,0.0,0.0,1
"('brenthendry', 'stephaniepanus')",0.43429448190325176,0.16666666666666666,6,0.1,1,2,1,6,8,6,0.0,0.9333333333333333,1
"('brenthendry', 'sarashackleton')",0.43429448190325176,0.1,10,0.1,1,2,1,10,8,34,0.0,0.28888888888888886,1
"('brenthendry', 'susanbailey')",0.43429448190325176,0.16666666666666666,6,0.1,1,2,1,6,8,20,0.0,0.9333333333333333,1
"('brenthendry', 'samanthaboyd')",0.43429448190325176,0.16666666666666666,6,0.1,1,2,1,6,8,12,0.0,0.9333333333333333,1
"('barrytycholiz', 'keithholst')",0.4170323914242463,0.1,10,0.09090909090909091,1,2,10,1,54,1,0.2222222222222222,0.0,1
"('barrytycholiz', 'geraldnemec')",0.0,0.0,10,0.0,0,-1,10,1,54,19,0.2222222222222222,0.0,1
"('barrytycholiz', 'robmilnthorp')",0.32351545314867247,0.1,10,0.045454545454545456,1,2,10,1,54,3,0.2222222222222222,0.0,1
"('edwardsacks', 'marieheard')",0.43429448190325176,0.1,24,0.1,1,2,3,8,3,25,0.0,0.6071428571428571,1
"('edwardsacks', 'danadavis')",0.0,0.0,3,0.0,0,4,3,1,3,1,0.0,0.0,1
"('edwardsacks', 'stephaniepanus')",0.43429448190325176,0.125,18,0.1,1,2,3,6,3,6,0.0,0.9333333333333333,1
"('edwardsacks', 'susanbailey')",0.43429448190325176,0.125,18,0.1,1,2,3,6,3,20,0.0,0.9333333333333333,1
"('edwardsacks', 'elizabethsager')",0.0,0.0,27,0.0,0,3,3,9,3,15,0.0,0.05555555555555555,1
"('davidoxley', 'richardshapiro')",0.7405478445729188,0.16666666666666666,33,0.13636363636363635,2,2,3,11,4,109,1.0,0.23636363636363636,1
"('davidoxley', 'michellecash')",0.32351545314867247,0.14285714285714285,15,0.045454545454545456,1,2,3,5,4,5,1.0,0.0,1
"('davidoxley', 'kennethlay')",0.4170323914242463,0.14285714285714285,15,0.09090909090909091,1,2,3,5,4,9,1.0,0.4,1
"('davidoxley', 'johnarnold')",0.7405478445729188,0.2,27,0.13636363636363635,2,2,3,9,4,38,1.0,0.1388888888888889,1
"('davidoxley', 'janetdietrich')",0.0,0.0,9,0.0,0,3,3,3,4,12,1.0,0.3333333333333333,1
"('davidoxley', 'cindyolson')",0.0,0.0,3,0.0,0,3,3,1,4,1,1.0,0.0,1
"('davidoxley', 'sallybeck')",0.32351545314867247,0.16666666666666666,12,0.045454545454545456,1,2,3,4,4,14,1.0,0.16666666666666666,1
"('martincuilla', 'info')",0.0,0.0,2,0.0,0,4,2,1,8,1,0.0,0.0,1
"('martincuilla', 'matthewlenhart')",0.7213475204444817,0.25,6,0.25,1,2,2,3,8,6,0.0,0.6666666666666666,1
"('martincuilla', 'torikuykendall')",0.0,0.0,2,0.0,0,4,2,1,8,2,0.0,0.0,1
"('martincuilla', 'mikegrigsby')",2.164042561333445,0.2857142857142857,14,0.75,2,2,2,7,8,49,0.0,0.19047619047619047,1
"('gregwhalley', 'johnambler')",0.0,0.0,11,0.0,0,3,11,1,21,2,0.3090909090909091,0.0,1
"('gregwhalley', 'jamesderrick')",0.6213349345596119,0.07692307692307693,33,0.2,1,2,11,3,21,6,0.3090909090909091,0.0,1
"('gregwhalley', 'davidport')",0.32351545314867247,0.06666666666666667,55,0.045454545454545456,1,2,11,5,21,19,0.3090909090909091,0.1,1
"('gregwhalley', 'alanaronowitz')",0.0,0.0,22,0.0,0,4,11,2,21,7,0.3090909090909091,0.0,1
"('gregwhalley', 'markkoenig')",0.32351545314867247,0.07692307692307693,33,0.045454545454545456,1,2,11,3,21,5,0.3090909090909091,0.0,1
"('gregwhalley', 'cindyolson')",0.0,0.0,11,0.0,0,3,11,1,21,1,0.3090909090909091,0.0,1
"('michellelokay', 'audreyrobertson')",2.685364910008187,1.0,16,0.9,4,2,4,4,31,20,0.5,0.5,1
"('victorlamadrid', 'scottneal')",0.0,0.0,3,0.0,0,-1,1,3,2,3,0.0,0.0,1
"('victorlamadrid', 'kamkeiser')",0.0,0.0,1,0.0,0,-1,1,1,2,1,0.0,0.0,1
"('johngriffith', 'inarangel')",0.45511961331341866,0.1,30,0.1111111111111111,1,2,5,6,10,19,0.3,0.13333333333333333,1
"('johngriffith', 'mikemaggi')",0.45511961331341866,0.2,5,0.1111111111111111,1,2,5,1,10,3,0.3,0.0,1
"('travismccullough', 'marieheard')",0.0,0.0,8,0.0,0,3,1,8,1,25,0.0,0.6071428571428571,1
"('travismccullough', 'alanaronowitz')",0.45511961331341866,0.5,2,0.1111111111111111,1,2,1,2,1,7,0.0,0.0,1
"('travismccullough', 'marycook')",0.45511961331341866,0.1,10,0.1111111111111111,1,2,1,10,1,36,0.0,0.4222222222222222,1
"('sarahnovosel', 'danadavis')",0.32351545314867247,0.16666666666666666,6,0.045454545454545456,1,2,6,1,16,1,0.6666666666666666,0.0,1
"('andyzipper', 'errolmclaughlin')",1.0764545478730305,0.6666666666666666,6,0.3111111111111111,2,2,3,2,3,9,0.3333333333333333,1.0,1
"('andyzipper', 'inarangel')",0.45511961331341866,0.125,18,0.1111111111111111,1,2,3,6,3,19,0.3333333333333333,0.13333333333333333,1
"('andyzipper', 'louisekitchen')",0.872152004737665,0.08695652173913043,66,0.20202020202020202,2,2,3,22,3,80,0.3333333333333333,0.1038961038961039,1
"('jimschwieger', 'brianredmond')",0.32351545314867247,0.2,9,0.045454545454545456,1,2,3,3,4,5,0.3333333333333333,1.0,1
"('jimschwieger', 'kennethlay')",0.0,0.0,15,0.0,0,3,3,5,4,9,0.3333333333333333,0.4,1
"('jimschwieger', 'cindyolson')",0.0,0.0,3,0.0,0,3,3,1,4,1,0.3333333333333333,0.0,1
"('lornabrennan', 'stevenharris')",0.0,0.0,4,0.0,0,4,1,4,2,26,0.0,0.0,1
"('lornabrennan', 'lindydonoho')",0.0,0.0,5,0.0,0,3,1,5,2,17,0.0,0.5,1
"('lornabrennan', 'drewfossum')",0.0,0.0,5,0.0,0,4,1,5,2,11,0.0,0.0,1
"('errolmclaughlin', 'andyzipper')",1.0764545478730305,0.6666666666666666,6,0.3111111111111111,2,2,2,3,9,3,1.0,0.3333333333333333,1
"('errolmclaughlin', 'kamkeiser')",0.0,0.0,2,0.0,0,-1,2,1,9,1,1.0,0.0,1
"('danadavis', 'edwardsacks')",0.0,0.0,3,0.0,0,4,1,3,1,3,0.0,0.0,1
"('danadavis', 'sarahnovosel')",0.32351545314867247,0.16666666666666666,6,0.045454545454545456,1,2,1,6,1,16,0.0,0.6666666666666666,1
"('danadavis', 'sallybeck')",0.32351545314867247,0.25,4,0.045454545454545456,1,2,1,4,1,14,0.0,0.16666666666666666,1
"('russelldiamond', 'marieheard')",0.0,0.0,8,0.0,0,3,1,8,3,25,0.0,0.6071428571428571,1
"('stephaniepanus', 'cheryljohnson')",0.0,0.0,6,0.0,0,3,6,1,6,1,0.9333333333333333,0.0,1
"('stephaniepanus', 'marcusnettelton')",0.3898712452512801,0.125,18,0.07692307692307693,1,2,6,3,6,5,0.9333333333333333,0.0,1
"('stephaniepanus', 'brenthendry')",0.43429448190325176,0.16666666666666666,6,0.1,1,2,6,1,6,8,0.9333333333333333,0.0,1
"('stephaniepanus', 'edwardsacks')",0.43429448190325176,0.125,18,0.1,1,2,6,3,6,3,0.9333333333333333,0.0,1
"('stephaniepanus', 'tanyarohauer')",1.3494873107694914,0.42857142857142855,24,0.325,3,2,6,4,6,8,0.9333333333333333,0.6666666666666666,1
"('stephaniepanus', 'stephaniesever')",0.3898712452512801,0.16666666666666666,6,0.07692307692307693,1,2,6,1,6,10,0.9333333333333333,0.0,1
"('stephaniepanus', 'laureladams')",0.43429448190325176,0.125,18,0.1,1,2,6,3,6,4,0.9333333333333333,0.0,1
"('torikuykendall', 'matthewlenhart')",0.5581106265512472,0.3333333333333333,3,0.16666666666666666,1,2,1,3,2,6,0.0,0.6666666666666666,1
"('torikuykendall', 'martincuilla')",0.0,0.0,2,0.0,0,4,1,2,2,8,0.0,0.0,1
"('torikuykendall', 'mikegrigsby')",0.5581106265512472,0.14285714285714285,7,0.16666666666666666,1,2,1,7,2,49,0.0,0.19047619047619047,1
"('lorrainelindberg', 'stevenharris')",1.4426950408889634,0.3333333333333333,16,0.5,2,2,4,4,29,26,0.8333333333333334,0.0,1
"('lorrainelindberg', 'kevinhyatt')",0.6213349345596119,0.16666666666666666,12,0.2,1,2,4,3,29,7,0.8333333333333334,0.0,1
"('lorrainelindberg', 'jeffdasovich')",0.0,0.0,68,0.0,0,3,4,17,29,280,0.8333333333333334,0.1619047619047619,1
"('lorrainelindberg', 'drewfossum')",0.6213349345596119,0.125,20,0.2,1,2,4,5,29,11,0.8333333333333334,0.0,1
"('kennethlay', 'rickbuy')",0.0,0.0,30,0.0,0,3,5,6,9,17,0.4,0.06666666666666667,1
"('kennethlay', 'kevinhyatt')",0.0,0.0,15,0.0,0,6,5,3,9,7,0.4,0.0,1
"('kennethlay', 'johnambler')",0.0,0.0,5,0.0,0,4,5,1,9,2,0.4,0.0,1
"('kennethlay', 'jamesderrick')",1.2426698691192237,0.3333333333333333,15,0.4,2,2,5,3,9,6,0.4,0.0,1
"('kennethlay', 'markkoenig')",0.0,0.0,15,0.0,0,3,5,3,9,5,0.4,0.0,1
"('kennethlay', 'davidoxley')",0.4170323914242463,0.14285714285714285,15,0.09090909090909091,1,2,5,3,9,4,0.4,1.0,1
"('kennethlay', 'jimschwieger')",0.0,0.0,15,0.0,0,3,5,3,9,4,0.4,0.3333333333333333,1
"('kennethlay', 'janetdietrich')",0.4170323914242463,0.14285714285714285,15,0.09090909090909091,1,2,5,3,9,12,0.4,0.3333333333333333,1
"('kennethlay', 'cindyolson')",0.6213349345596119,0.2,5,0.2,1,2,5,1,9,1,0.4,0.0,1
"('kennethlay', 'sallybeck')",0.0,0.0,20,0.0,0,3,5,4,9,14,0.4,0.16666666666666666,1
"('eldon', 'cameron')",1.0743036443092429,1.0,4,0.3088235294117647,2,2,2,2,14,32,1.0,1.0,1
"('geraldnemec', 'info')",0.0,0.0,1,0.0,0,-1,1,1,19,1,0.0,0.0,1
"('geraldnemec', 'kaymann')",0.0,0.0,2,0.0,0,-1,1,2,19,2,0.0,0.0,1
"('geraldnemec', 'barrytycholiz')",0.0,0.0,10,0.0,0,-1,1,10,19,54,0.0,0.2222222222222222,1
"('geraldnemec', 'marycook')",0.0,0.0,10,0.0,0,-1,1,10,19,36,0.0,0.4222222222222222,1
"('stewartrosman', 'sarashackleton')",0.0,0.0,10,0.0,0,3,1,10,1,34,0.0,0.28888888888888886,1
"('stewartrosman', 'tanajones')",0.5581106265512472,0.07692307692307693,13,0.16666666666666666,1,2,1,13,1,36,0.0,0.15384615384615385,1
"('inarangel', 'keithholst')",0.0,0.0,6,0.0,0,3,6,1,19,1,0.13333333333333333,0.0,1
"('inarangel', 'dutchquigley')",0.45511961331341866,0.1,36,0.1111111111111111,1,2,6,6,19,12,0.13333333333333333,0.3333333333333333,1
"('inarangel', 'johngriffith')",0.45511961331341866,0.1,30,0.1111111111111111,1,2,6,5,19,10,0.13333333333333333,0.3,1
"('inarangel', 'andyzipper')",0.45511961331341866,0.125,18,0.1111111111111111,1,2,6,3,19,3,0.13333333333333333,0.3333333333333333,1
"('inarangel', 'mikemaggi')",0.45511961331341866,0.16666666666666666,6,0.1111111111111111,1,2,6,1,19,3,0.13333333333333333,0.0,1
"('elizabethlinnell', 'jeffdasovich')",0.4170323914242463,0.0625,17,0.09090909090909091,1,2,1,17,2,280,0.0,0.1619047619047619,1
"('sarashackleton', 'info')",0.0,0.0,10,0.0,0,4,10,1,34,1,0.28888888888888886,0.0,1
"('sarashackleton', 'alanaronowitz')",0.0,0.0,20,0.0,0,3,10,2,34,7,0.28888888888888886,0.0,1
"('sarashackleton', 'brenthendry')",0.43429448190325176,0.1,10,0.1,1,2,10,1,34,8,0.28888888888888886,0.0,1
"('sarashackleton', 'stewartrosman')",0.0,0.0,10,0.0,0,3,10,1,34,1,0.28888888888888886,0.0,1
"('sarashackleton', 'tanajones')",2.5895247085199813,0.2777777777777778,130,0.725,5,2,10,13,34,36,0.28888888888888886,0.15384615384615385,1
"('johnarnold', 'scottneal')",0.0,0.0,27,0.0,0,-1,9,3,38,3,0.1388888888888889,0.0,1
"('johnarnold', 'davidoxley')",0.7405478445729188,0.2,27,0.13636363636363635,2,2,9,3,38,4,0.1388888888888889,1.0,1
"('johnarnold', 'mikegrigsby')",0.9751430179754935,0.14285714285714285,63,0.25757575757575757,2,2,9,7,38,49,0.1388888888888889,0.19047619047619047,1
"('lisamellencamp', 'rickbuy')",0.0,0.0,6,0.0,0,3,1,6,9,17,0.0,0.06666666666666667,1
"('lisamellencamp', 'marcusnettelton')",0.0,0.0,3,0.0,0,4,1,3,9,5,0.0,0.0,1
"('lisamellencamp', 'elizabethsager')",0.0,0.0,9,0.0,0,4,1,9,9,15,0.0,0.05555555555555555,1
"('lisamellencamp', 'marycook')",0.0,0.0,10,0.0,0,4,1,10,9,36,0.0,0.4222222222222222,1
"('cameron', 'eldon')",1.0743036443092429,1.0,4,0.3088235294117647,2,2,2,2,32,14,1.0,1.0,1
"('mikegrigsby', 'keithholst')",0.4170323914242463,0.14285714285714285,7,0.09090909090909091,1,2,7,1,49,1,0.19047619047619047,0.0,1
"('mikegrigsby', 'scottneal')",0.0,0.0,21,0.0,0,-1,7,3,49,3,0.19047619047619047,0.0,1
"('mikegrigsby', 'jayreitmeyer')",0.5581106265512472,0.14285714285714285,7,0.16666666666666666,1,2,7,1,49,3,0.19047619047619047,0.0,1
"('mikegrigsby', 'martincuilla')",2.164042561333445,0.2857142857142857,14,0.75,2,2,7,2,49,8,0.19047619047619047,0.0,1
"('mikegrigsby', 'torikuykendall')",0.5581106265512472,0.14285714285714285,7,0.16666666666666666,1,2,7,1,49,2,0.19047619047619047,0.0,1
"('mikegrigsby', 'johnarnold')",0.9751430179754935,0.14285714285714285,63,0.25757575757575757,2,2,7,9,49,38,0.19047619047619047,0.1388888888888889,1
"('mikegrigsby', 'arsystem')",0.0,0.0,14,0.0,0,4,7,2,49,3,0.19047619047619047,0.0,1
"('tanyarohauer', 'rickbuy')",0.0,0.0,24,0.0,0,3,4,6,8,17,0.6666666666666666,0.06666666666666667,1
"('tanyarohauer', 'stephaniepanus')",1.3494873107694914,0.42857142857142855,24,0.325,3,2,4,6,8,6,0.6666666666666666,0.9333333333333333,1
"('tanyarohauer', 'samanthaboyd')",1.3494873107694914,0.42857142857142855,24,0.325,3,2,4,6,8,12,0.6666666666666666,0.9333333333333333,1
"('tanyarohauer', 'tanajones')",0.9151928288662396,0.13333333333333333,52,0.225,2,2,4,13,8,36,0.6666666666666666,0.15384615384615385,1
"('susanbailey', 'brenthendry')",0.43429448190325176,0.16666666666666666,6,0.1,1,2,6,1,20,8,0.9333333333333333,0.0,1
"('susanbailey', 'edwardsacks')",0.43429448190325176,0.125,18,0.1,1,2,6,3,20,3,0.9333333333333333,0.0,1
"('susanbailey', 'laureladams')",0.43429448190325176,0.125,18,0.1,1,2,6,3,20,4,0.9333333333333333,0.0,1
"('susanbailey', 'debraperlingiere')",0.0,0.0,6,0.0,0,-1,6,1,20,19,0.9333333333333333,0.0,1
"('drewfossum', 'stevenharris')",1.4426950408889634,0.125,20,0.5,1,2,5,4,11,26,0.0,0.0,1
"('drewfossum', 'kevinhyatt')",0.0,0.0,15,0.0,0,3,5,3,11,7,0.0,0.0,1
"('drewfossum', 'lornabrennan')",0.0,0.0,5,0.0,0,4,5,1,11,2,0.0,0.0,1
"('drewfossum', 'lorrainelindberg')",0.6213349345596119,0.125,20,0.2,1,2,5,4,11,29,0.0,0.8333333333333334,1
"('amyfitzpatrick', 'louisekitchen')",0.6213349345596119,0.043478260869565216,44,0.2,1,2,2,22,2,80,0.0,0.1038961038961039,1
"('stephaniesever', 'stephaniepanus')",0.3898712452512801,0.16666666666666666,6,0.07692307692307693,1,2,1,6,10,6,0.0,0.9333333333333333,1
"('rodhayslett', 'shelleycorman')",0.6213349345596119,0.25,6,0.2,1,2,2,3,4,7,0.0,0.0,1
"('rodhayslett', 'wescolwell')",0.0,0.0,6,0.0,0,4,2,3,4,4,0.0,0.6666666666666666,1
"('rodhayslett', 'sallybeck')",0.0,0.0,8,0.0,0,4,2,4,4,14,0.0,0.16666666666666666,1
"('audreyrobertson', 'michellelokay')",2.685364910008187,1.0,16,0.9,4,2,4,4,20,31,0.5,0.5,1
"('janetdietrich', 'davidoxley')",0.0,0.0,9,0.0,0,3,3,3,12,4,0.3333333333333333,1.0,1
"('janetdietrich', 'kennethlay')",0.4170323914242463,0.14285714285714285,15,0.09090909090909091,1,2,3,5,12,9,0.3333333333333333,0.4,1
"('janetdietrich', 'cindyolson')",0.0,0.0,3,0.0,0,4,3,1,12,1,0.3333333333333333,0.0,1
"('janetdietrich', 'louisekitchen')",0.7699885152890075,0.08695652173913043,66,0.1497326203208556,2,2,3,22,12,80,0.3333333333333333,0.1038961038961039,1
"('cindyolson', 'davidoxley')",0.0,0.0,3,0.0,0,3,1,3,1,4,0.0,1.0,1
"('cindyolson', 'gregwhalley')",0.0,0.0,11,0.0,0,3,1,11,1,21,0.0,0.3090909090909091,1
"('cindyolson', 'jimschwieger')",0.0,0.0,3,0.0,0,3,1,3,1,4,0.0,0.3333333333333333,1
"('cindyolson', 'kennethlay')",0.6213349345596119,0.2,5,0.2,1,2,1,5,1,9,0.0,0.4,1
"('cindyolson', 'janetdietrich')",0.0,0.0,3,0.0,0,4,1,3,1,12,0.0,0.3333333333333333,1
"('cindyolson', 'sallybeck')",0.0,0.0,4,0.0,0,3,1,4,1,14,0.0,0.16666666666666666,1
"('karendenne', 'richardshapiro')",1.714838902997292,0.3333333333333333,55,0.3951871657754011,4,2,5,11,26,109,0.4,0.23636363636363636,1
"('karendenne', 'raymondbowen')",0.32351545314867247,0.2,5,0.045454545454545456,1,2,5,1,26,3,0.4,0.0,1
"('karendenne', 'paulkaufman')",0.7699885152890075,0.2857142857142857,20,0.1497326203208556,2,2,5,4,26,29,0.4,0.8333333333333334,1
"('karendenne', 'markkoenig')",0.32351545314867247,0.14285714285714285,15,0.045454545454545456,1,2,5,3,26,5,0.4,0.0,1
"('elizabethsager', 'info')",0.0,0.0,9,0.0,0,3,9,1,15,1,0.05555555555555555,0.0,1
"('elizabethsager', 'douggilbert-smith')",0.0,0.0,9,0.0,0,4,9,1,15,1,0.05555555555555555,0.0,1
"('elizabethsager', 'marieheard')",1.1556420023477334,0.13333333333333333,72,0.35,2,2,9,8,15,25,0.05555555555555555,0.6071428571428571,1
"('elizabethsager', 'edwardsacks')",0.0,0.0,27,0.0,0,3,9,3,15,3,0.05555555555555555,0.0,1
"('elizabethsager', 'lisamellencamp')",0.0,0.0,9,0.0,0,4,9,1,15,9,0.05555555555555555,0.0,1
"('samanthaboyd', 'brenthendry')",0.43429448190325176,0.16666666666666666,6,0.1,1,2,6,1,12,8,0.9333333333333333,0.0,1
"('samanthaboyd', 'tanyarohauer')",1.3494873107694914,0.42857142857142855,24,0.325,3,2,6,4,12,8,0.9333333333333333,0.6666666666666666,1
"('samanthaboyd', 'laureladams')",0.43429448190325176,0.125,18,0.1,1,2,6,3,12,4,0.9333333333333333,0.0,1
"('laureladams', 'marieheard')",0.43429448190325176,0.1,24,0.1,1,2,3,8,4,25,0.0,0.6071428571428571,1
"('laureladams', 'stephaniepanus')",0.43429448190325176,0.125,18,0.1,1,2,3,6,4,6,0.0,0.9333333333333333,1
"('laureladams', 'susanbailey')",0.43429448190325176,0.125,18,0.1,1,2,3,6,4,20,0.0,0.9333333333333333,1
"('laureladams', 'samanthaboyd')",0.43429448190325176,0.125,18,0.1,1,2,3,6,4,12,0.0,0.9333333333333333,1
"('laureladams', 'tanajones')",0.0,0.0,39,0.0,0,3,3,13,4,36,0.0,0.15384615384615385,1
"('frankermis', 'jayreitmeyer')",0.0,0.0,2,0.0,0,3,2,1,11,3,0.0,0.0,1
"('marycook', 'alanaronowitz')",0.8449908585646988,0.2,20,0.18803418803418803,2,2,10,2,36,7,0.4222222222222222,0.0,1
"('marycook', 'marcusnettelton')",0.8449908585646988,0.18181818181818182,30,0.18803418803418803,2,2,10,3,36,5,0.4222222222222222,0.0,1
"('marycook', 'travismccullough')",0.45511961331341866,0.1,10,0.1111111111111111,1,2,10,1,36,1,0.4222222222222222,0.0,1
"('marycook', 'geraldnemec')",0.0,0.0,10,0.0,0,-1,10,1,36,19,0.4222222222222222,0.0,1
"('marycook', 'lisamellencamp')",0.0,0.0,10,0.0,0,4,10,1,36,9,0.4222222222222222,0.0,1
"('joehartsoe', 'richardshapiro')",0.0,0.0,22,0.0,0,5,2,11,7,109,0.0,0.23636363636363636,1
"('joehartsoe', 'jeffdasovich')",0.0,0.0,34,0.0,0,5,2,17,7,280,0.0,0.1619047619047619,1
"('tanajones', 'cheryljohnson')",0.0,0.0,13,0.0,0,4,13,1,36,1,0.15384615384615385,0.0,1
"('tanajones', 'stewartrosman')",0.5581106265512472,0.07692307692307693,13,0.16666666666666666,1,2,13,1,36,1,0.15384615384615385,0.0,1
"('tanajones', 'sarashackleton')",2.5895247085199813,0.2777777777777778,130,0.725,5,2,13,10,36,34,0.15384615384615385,0.28888888888888886,1
"('tanajones', 'tanyarohauer')",0.9151928288662396,0.13333333333333333,52,0.225,2,2,13,4,36,8,0.15384615384615385,0.6666666666666666,1
"('tanajones', 'laureladams')",0.0,0.0,39,0.0,0,3,13,3,36,4,0.15384615384615385,0.0,1
"('tanajones', 'debraperlingiere')",0.0,0.0,13,0.0,0,-1,13,1,36,19,0.15384615384615385,0.0,1
"('arsystem', 'richardshapiro')",0.0,0.0,22,0.0,0,3,2,11,3,109,0.0,0.23636363636363636,1
"('arsystem', 'mikegrigsby')",0.0,0.0,14,0.0,0,4,2,7,3,49,0.0,0.19047619047619047,1
"('mikemaggi', 'johngriffith')",0.45511961331341866,0.2,5,0.1111111111111111,1,2,1,5,3,10,0.0,0.3,1
"('mikemaggi', 'inarangel')",0.45511961331341866,0.16666666666666666,6,0.1111111111111111,1,2,1,6,3,19,0.0,0.13333333333333333,1
"('robmilnthorp', 'johnlavorato')",0.32351545314867247,0.09090909090909091,11,0.045454545454545456,1,2,1,11,3,40,0.0,0.21818181818181817,1
"('robmilnthorp', 'barrytycholiz')",0.32351545314867247,0.1,10,0.045454545454545456,1,2,1,10,3,54,0.0,0.2222222222222222,1
"('debraperlingiere', 'marieheard')",0.0,0.0,8,0.0,0,-1,1,8,19,25,0.0,0.6071428571428571,1
"('debraperlingiere', 'cheryljohnson')",0.0,0.0,1,0.0,0,-1,1,1,19,1,0.0,0.0,1
"('debraperlingiere', 'susanbailey')",0.0,0.0,6,0.0,0,-1,1,6,19,20,0.0,0.9333333333333333,1
"('debraperlingiere', 'tanajones')",0.0,0.0,13,0.0,0,-1,1,13,19,36,0.0,0.15384615384615385,1
"('robertbadeer', 'johnlavorato')",0.5138983423697507,0.09090909090909091,11,0.14285714285714285,1,2,1,11,2,40,0.0,0.21818181818181817,1
"('robertbadeer', 'jayreitmeyer')",0.0,0.0,1,0.0,0,3,1,1,2,3,0.0,0.0,1
"('louisekitchen', 'rickbuy')",2.252921681630931,0.12,132,0.7833333333333333,3,2,22,6,80,17,0.1038961038961039,0.06666666666666667,1
"('louisekitchen', 'chrisabel')",0.6213349345596119,0.043478260869565216,44,0.2,1,2,22,2,80,4,0.1038961038961039,1.0,1
"('louisekitchen', 'timbelden')",0.7699885152890075,0.07692307692307693,132,0.1497326203208556,2,2,22,6,80,49,0.1038961038961039,0.2,1
"('louisekitchen', 'andyzipper')",0.872152004737665,0.08695652173913043,66,0.20202020202020202,2,2,22,3,80,3,0.1038961038961039,0.3333333333333333,1
"('louisekitchen', 'amyfitzpatrick')",0.6213349345596119,0.043478260869565216,44,0.2,1,2,22,2,80,2,0.1038961038961039,0.0,1
"('louisekitchen', 'janetdietrich')",0.7699885152890075,0.08695652173913043,66,0.1497326203208556,2,2,22,3,80,12,0.1038961038961039,0.3333333333333333,1
"('kamkeiser', 'victorlamadrid')",0.0,0.0,1,0.0,0,-1,1,1,1,2,0.0,0.0,1
"('kamkeiser', 'errolmclaughlin')",0.0,0.0,2,0.0,0,-1,1,2,1,9,0.0,1.0,1
"('kamkeiser', 'sallybeck')",0.0,0.0,4,0.0,0,-1,1,4,1,14,0.0,0.16666666666666666,1
"('sallybeck', 'raymondbowen')",0.32351545314867247,0.25,4,0.045454545454545456,1,2,4,1,14,3,0.16666666666666666,0.0,1
"('sallybeck', 'davidport')",2.324321120588883,0.5,20,0.7121212121212122,3,2,4,5,14,19,0.16666666666666666,0.1,1
"('sallybeck', 'markkoenig')",0.8816260796999197,0.4,12,0.2121212121212121,2,2,4,3,14,5,0.16666666666666666,0.0,1
"('sallybeck', 'davidoxley')",0.32351545314867247,0.16666666666666666,12,0.045454545454545456,1,2,4,3,14,4,0.16666666666666666,1.0,1
"('sallybeck', 'danadavis')",0.32351545314867247,0.25,4,0.045454545454545456,1,2,4,1,14,1,0.16666666666666666,0.0,1
"('sallybeck', 'kennethlay')",0.0,0.0,20,0.0,0,3,4,5,14,9,0.16666666666666666,0.4,1
"('sallybeck', 'rodhayslett')",0.0,0.0,8,0.0,0,4,4,2,14,4,0.16666666666666666,0.0,1
"('sallybeck', 'cindyolson')",0.0,0.0,4,0.0,0,3,4,1,14,1,0.16666666666666666,0.0,1
"('sallybeck', 'kamkeiser')",0.0,0.0,4,0.0,0,-1,4,1,14,1,0.16666666666666666,0.0,1
"('jayreitmeyer', 'barrytycholiz')",0.5581106265512472,0.1,10,0.16666666666666666,1,2,1,10,3,54,0.0,0.2222222222222222,0
"('barrytycholiz', 'kennethlay')",0.0,0.0,50,0.0,0,3,10,5,54,9,0.2222222222222222,0.4,0
"('ericbass', 'stephaniesever')",0.0,0.0,4,0.0,0,5,4,1,37,10,0.16666666666666666,0.0,0
"('davidport', 'torikuykendall')",0.0,0.0,5,0.0,0,4,5,1,19,2,0.1,0.0,0
"('psellers', 'sarashackleton')",0.0,0.0,20,0.0,0,4,2,10,25,34,1.0,0.28888888888888886,0
"('shonawilson', 'raymondbowen')",0.0,0.0,2,0.0,0,3,2,1,4,3,0.0,0.0,0
"('vkaminski', 'travismccullough')",0.0,0.0,1,0.0,0,-1,1,1,2,1,0.0,0.0,0
"('errolmclaughlin', 'robertbadeer')",0.0,0.0,2,0.0,0,4,2,1,9,2,1.0,0.0,0
"('lindydonoho', 'ericbass')",0.0,0.0,20,0.0,0,6,5,4,17,37,0.5,0.16666666666666666,0
"('michellelokay', 'johngriffith')",0.0,0.0,20,0.0,0,5,4,5,31,10,0.5,0.3,0
"('marcusnettelton', 'victorlamadrid')",0.0,0.0,3,0.0,0,-1,3,1,5,2,0.0,0.0,0
"('kaymann', 'eldon')",0.0,0.0,4,0.0,0,4,2,2,2,14,0.0,1.0,0
"('shonawilson', 'cheryljohnson')",0.0,0.0,2,0.0,0,6,2,1,4,1,0.0,0.0,0
"('samanthaboyd', 'mikegrigsby')",0.0,0.0,42,0.0,0,4,6,7,12,49,0.9333333333333333,0.19047619047619047,0
"('robertfrank', 'stephaniesever')",0.0,0.0,1,0.0,0,4,1,1,10,10,0.0,0.0,0
"('laureladams', 'brenthendry')",0.0,0.0,3,0.0,0,3,3,1,4,8,0.0,0.0,0
"('stuartzisman', 'russelldiamond')",0.0,0.0,2,0.0,0,4,2,1,3,3,0.0,0.0,0
"('raymondbowen', 'barrytycholiz')",0.32351545314867247,0.1,10,0.045454545454545456,1,2,1,10,3,54,0.0,0.2222222222222222,0
"('laureladams', 'sarahnovosel')",0.0,0.0,18,0.0,0,4,3,6,4,16,0.0,0.6666666666666666,0
"('debraperlingiere', 'jamesderrick')",0.0,0.0,3,0.0,0,-1,1,3,19,6,0.0,0.0,0
"('johnlavorato', 'russelldiamond')",0.0,0.0,11,0.0,0,3,11,1,40,3,0.21818181818181817,0.0,0
"('jamesderrick', 'paulkaufman')",0.0,0.0,12,0.0,0,3,3,4,6,29,0.0,0.8333333333333334,0
"('karendenne', 'errolmclaughlin')",0.0,0.0,10,0.0,0,3,5,2,26,9,0.4,1.0,0
"('tanyarohauer', 'lornabrennan')",0.0,0.0,4,0.0,0,7,4,1,8,2,0.6666666666666666,0.0,0
"('scottneal', 'stewartrosman')",0.0,0.0,3,0.0,0,-1,3,1,3,1,0.0,0.0,0
"('sheilaglover', 'info')",0.0,0.0,2,0.0,0,5,2,1,17,1,1.0,0.0,0
"('keithholst', 'arsystem')",0.0,0.0,2,0.0,0,4,1,2,1,3,0.0,0.0,0
"('garyhickerson', 'richardshapiro')",0.4170323914242463,0.09090909090909091,11,0.09090909090909091,1,2,1,11,1,109,0.0,0.23636363636363636,0
"('timbelden', 'gregwhalley')",1.491336035733489,0.21428571428571427,66,0.3997326203208556,3,2,6,11,49,21,0.2,0.3090909090909091,0
"('jayreitmeyer', 'christianyoder')",0.0,0.0,3,0.0,0,5,1,3,3,5,0.0,0.0,0
"('lindydonoho', 'chrisstokley')",0.0,0.0,5,0.0,0,5,5,1,17,1,0.5,0.0,0
"('ziminlu', 'alanaronowitz')",0.0,0.0,2,0.0,0,4,1,2,2,7,0.0,0.0,0
"('marycook', 'elizabethlinnell')",0.0,0.0,10,0.0,0,4,10,1,36,2,0.4222222222222222,0.0,0
"('jayreitmeyer', 'amyfitzpatrick')",0.0,0.0,2,0.0,0,5,1,2,3,2,0.0,0.0,0
"('barrytycholiz', 'travismccullough')",0.0,0.0,10,0.0,0,3,10,1,54,1,0.2222222222222222,0.0,0
"('johnambler', 'martincuilla')",0.0,0.0,2,0.0,0,5,1,2,2,8,0.0,0.0,0
"('brittdavis', 'davidoxley')",0.0,0.0,3,0.0,0,5,1,3,1,4,0.0,1.0,0
"('jamesderrick', 'ericbass')",0.0,0.0,12,0.0,0,4,3,4,6,37,0.0,0.16666666666666666,0
"('johnarnold', 'travismccullough')",0.0,0.0,9,0.0,0,4,9,1,38,1,0.1388888888888889,0.0,0
"('shonawilson', 'jayreitmeyer')",0.0,0.0,2,0.0,0,5,2,1,4,3,0.0,0.0,0
"('paulkaufman', 'torikuykendall')",0.0,0.0,4,0.0,0,4,4,1,29,2,0.8333333333333334,0.0,0
"('mikegrigsby', 'shelleycorman')",0.0,0.0,21,0.0,0,6,7,3,49,7,0.19047619047619047,0.0,0
"('psellers', 'janetdietrich')",0.35295612386476116,0.25,6,0.058823529411764705,1,2,2,3,25,12,1.0,0.3333333333333333,0
"('tanajones', 'joehartsoe')",0.0,0.0,26,0.0,0,5,13,2,36,7,0.15384615384615385,0.0,0
"('sheilaglover', 'brittdavis')",0.0,0.0,2,0.0,0,5,2,1,17,1,1.0,0.0,0
"('geraldnemec', 'michellecash')",0.0,0.0,5,0.0,0,-1,1,5,19,5,0.0,0.0,0
"('drewfossum', 'marycook')",0.0,0.0,50,0.0,0,4,5,10,11,36,0.0,0.4222222222222222,0
"('dutchquigley', 'sallybeck')",0.0,0.0,24,0.0,0,3,6,4,12,14,0.3333333333333333,0.16666666666666666,0
"('johnambler', 'susanbailey')",0.0,0.0,6,0.0,0,5,1,6,2,20,0.0,0.9333333333333333,0
"('cheryljohnson', 'info')",0.0,0.0,1,0.0,0,6,1,1,1,1,0.0,0.0,0
"('lindydonoho', 'janetdietrich')",0.0,0.0,15,0.0,0,4,5,3,17,12,0.5,0.3333333333333333,0
"('kennethlay', 'rodhayslett')",0.0,0.0,10,0.0,0,4,5,2,9,4,0.4,0.0,0
"('shelleycorman', 'kennethlay')",0.0,0.0,15,0.0,0,4,3,5,7,9,0.0,0.4,0
"('alanaronowitz', 'robmilnthorp')",0.0,0.0,2,0.0,0,4,2,1,7,3,0.0,0.0,0
"('audreyrobertson', 'louisekitchen')",0.0,0.0,88,0.0,0,3,4,22,20,80,0.5,0.1038961038961039,0
"('douggilbert-smith', 'keithholst')",0.0,0.0,1,0.0,0,4,1,1,1,1,0.0,0.0,0
"('stevenharris', 'alanaronowitz')",0.0,0.0,8,0.0,0,4,4,2,26,7,0.0,0.0,0
"('chrisabel', 'marcusnettelton')",0.6213349345596119,0.25,6,0.2,1,2,2,3,4,5,1.0,0.0,0
"('brianredmond', 'jeffdasovich')",0.7578099350519243,0.11764705882352941,51,0.14545454545454545,2,2,3,17,5,280,1.0,0.1619047619047619,0
"('raymondbowen', 'errolmclaughlin')",0.0,0.0,2,0.0,0,3,1,2,3,9,0.0,1.0,0
"('janetdietrich', 'shonawilson')",0.0,0.0,6,0.0,0,3,3,2,12,4,0.3333333333333333,0.0,0
"('cameron', 'mikemaggi')",0.0,0.0,2,0.0,0,4,2,1,32,3,1.0,0.0,0
"('victorlamadrid', 'ziminlu')",0.0,0.0,1,0.0,0,-1,1,1,2,2,0.0,0.0,0
"('debraperlingiere', 'shelleycorman')",0.0,0.0,3,0.0,0,-1,1,3,19,7,0.0,0.0,0
"('vkamins', 'peterkeohane')",0.0,0.0,4,0.0,0,-1,1,4,2,6,0.0,0.3333333333333333,0
"('johnarnold', 'sallybeck')",0.32351545314867247,0.08333333333333333,36,0.045454545454545456,1,2,9,4,38,14,0.1388888888888889,0.16666666666666666,0
"('cameron', 'barrytycholiz')",0.35295612386476116,0.09090909090909091,20,0.058823529411764705,1,2,2,10,32,54,1.0,0.2222222222222222,0
"('louisekitchen', 'robertbadeer')",0.0,0.0,22,0.0,0,3,22,1,80,2,0.1038961038961039,0.0,0
"('lisamellencamp', 'cindyolson')",0.0,0.0,1,0.0,0,4,1,1,9,1,0.0,0.0,0
"('amyfitzpatrick', 'robmilnthorp')",0.0,0.0,2,0.0,0,3,2,1,2,3,0.0,0.0,0
"('info', 'keithholst')",0.0,0.0,1,0.0,0,3,1,1,1,1,0.0,0.0,0
"('larrycampbell', 'garyhickerson')",0.0,0.0,2,0.0,0,7,2,1,8,1,0.0,0.0,0
"('karendenne', 'robertbadeer')",0.0,0.0,5,0.0,0,4,5,1,26,2,0.4,0.0,0
"('lorrainelindberg', 'robmilnthorp')",0.0,0.0,4,0.0,0,5,4,1,29,3,0.8333333333333334,0.0,0
"('rodhayslett', 'jeffdasovich')",0.7213475204444817,0.058823529411764705,34,0.25,1,2,2,17,4,280,0.0,0.1619047619047619,0
"('michellelokay', 'wescolwell')",0.0,0.0,12,0.0,0,4,4,3,31,4,0.5,0.6666666666666666,0
"('lorrainelindberg', 'sarahnovosel')",0.0,0.0,24,0.0,0,4,4,6,29,16,0.8333333333333334,0.6666666666666666,0
"('kevinhyatt', 'michellecash')",0.0,0.0,15,0.0,0,5,3,5,7,5,0.0,0.0,0
"('info', 'kennethlay')",0.0,0.0,5,0.0,0,4,1,5,1,9,0.0,0.4,0
"('victorlamadrid', 'kevinhyatt')",0.0,0.0,3,0.0,0,-1,1,3,2,7,0.0,0.0,0
"('robertfrank', 'rodhayslett')",0.0,0.0,2,0.0,0,4,1,2,10,4,0.0,0.0,0
"('info', 'victorlamadrid')",0.0,0.0,1,0.0,0,-1,1,1,1,2,0.0,0.0,0
"('marycook', 'raymondbowen')",0.0,0.0,10,0.0,0,4,10,1,36,3,0.4222222222222222,0.0,0
"('larrycampbell', 'richardshapiro')",0.0,0.0,22,0.0,0,6,2,11,8,109,0.0,0.23636363636363636,0
"('stephaniepanus', 'vkaminski')",0.0,0.0,6,0.0,0,-1,6,1,6,2,0.9333333333333333,0.0,0
"('lornabrennan', 'edwardsacks')",0.0,0.0,3,0.0,0,7,1,3,2,3,0.0,0.0,0
"('shonawilson', 'audreyrobertson')",0.0,0.0,8,0.0,0,5,2,4,4,20,0.0,0.5,0
"('stephaniepanus', 'dutchquigley')",0.3898712452512801,0.1,36,0.07692307692307693,1,2,6,6,6,12,0.9333333333333333,0.3333333333333333,0
"('geraldnemec', 'scottneal')",0.0,0.0,3,0.0,0,-1,1,3,19,3,0.0,0.0,0
"('lornabrennan', 'susanbailey')",0.0,0.0,6,0.0,0,7,1,6,2,20,0.0,0.9333333333333333,0
"('rickbuy', 'johnarnold')",0.0,0.0,54,0.0,0,3,6,9,17,38,0.06666666666666667,0.1388888888888889,0
"('elizabethsager', 'shonawilson')",0.0,0.0,18,0.0,0,3,9,2,15,4,0.05555555555555555,0.0,0
"('cindyolson', 'brianredmond')",0.0,0.0,3,0.0,0,3,1,3,1,5,0.0,1.0,0
"('stuartzisman', 'martincuilla')",0.0,0.0,4,0.0,0,4,2,2,3,8,0.0,0.0,0
"('alanaronowitz', 'markkoenig')",0.0,0.0,6,0.0,0,4,2,3,7,5,0.0,0.0,0
"('johnarnold', 'danadavis')",0.32351545314867247,0.1111111111111111,9,0.045454545454545456,1,2,9,1,38,1,0.1388888888888889,0.0,0
"('inarangel', 'info')",0.43429448190325176,0.16666666666666666,6,0.1,1,2,6,1,19,1,0.13333333333333333,0.0,0
"('scottneal', 'louisekitchen')",0.0,0.0,66,0.0,0,-1,3,22,3,80,0.0,0.1038961038961039,0
"('garyhickerson', 'alanaronowitz')",0.0,0.0,2,0.0,0,5,1,2,1,7,0.0,0.0,0
"('jeffdasovich', 'audreyrobertson')",0.7213475204444817,0.05263157894736842,68,0.25,1,2,17,4,280,20,0.1619047619047619,0.5,0
"('lindydonoho', 'samanthaboyd')",0.0,0.0,30,0.0,0,5,5,6,17,12,0.5,0.9333333333333333,0
"('karendenne', 'johngriffith')",0.0,0.0,25,0.0,0,3,5,5,26,10,0.4,0.3,0
"('garyhickerson', 'robertfrank')",0.0,0.0,1,0.0,0,3,1,1,1,10,0.0,0.0,0
"('lindydonoho', 'sarashackleton')",0.0,0.0,50,0.0,0,4,5,10,17,34,0.5,0.28888888888888886,0
"('martincuilla', 'victorlamadrid')",0.0,0.0,2,0.0,0,-1,2,1,8,2,0.0,0.0,0
"('kamkeiser', 'tklohman')",0.0,0.0,5,0.0,0,-1,1,5,1,25,0.0,0.5,0
"('lindydonoho', 'barrytycholiz')",0.0,0.0,50,0.0,0,4,5,10,17,54,0.5,0.2222222222222222,0
"('davidoxley', 'martincuilla')",0.0,0.0,6,0.0,0,4,3,2,4,8,1.0,0.0,0
"('andyzipper', 'peterkeohane')",0.0,0.0,12,0.0,0,3,3,4,3,6,0.3333333333333333,0.3333333333333333,0
"('lisamellencamp', 'stewartrosman')",0.0,0.0,1,0.0,0,3,1,1,9,1,0.0,0.0,0
"('eldon', 'torikuykendall')",0.0,0.0,2,0.0,0,4,2,1,14,2,1.0,0.0,0
"('louisekitchen', 'mikemaggi')",0.45511961331341866,0.045454545454545456,22,0.1111111111111111,1,2,22,1,80,3,0.1038961038961039,0.0,0
"('sallybeck', 'richardshapiro')",0.32351545314867247,0.07142857142857142,44,0.045454545454545456,1,2,4,11,14,109,0.16666666666666666,0.23636363636363636,0
"('shonawilson', 'travismccullough')",0.0,0.0,2,0.0,0,4,2,1,4,1,0.0,0.0,0
"('stephaniepanus', 'lauraluce')",0.0,0.0,30,0.0,0,4,6,5,6,19,0.9333333333333333,0.7,0
"('johnarnold', 'cheryljohnson')",0.0,0.0,9,0.0,0,5,9,1,38,1,0.1388888888888889,0.0,0
"('drewfossum', 'stephaniepanus')",0.0,0.0,30,0.0,0,4,5,6,11,6,0.0,0.9333333333333333,0
"('eldon', 'tanajones')",0.0,0.0,26,0.0,0,3,2,13,14,36,1.0,0.15384615384615385,0
"('sarahnovosel', 'debraperlingiere')",0.0,0.0,6,0.0,0,-1,6,1,16,19,0.6666666666666666,0.0,0
"('stevenharris', 'inarangel')",0.0,0.0,24,0.0,0,3,4,6,26,19,0.0,0.13333333333333333,0
"('stewartrosman', 'matthewlenhart')",0.0,0.0,3,0.0,0,5,1,3,1,6,0.0,0.6666666666666666,0
"('drewfossum', 'nancysellers')",0.0,0.0,20,0.0,0,4,5,4,11,34,0.0,0.5,0
"('elizabethlinnell', 'tklohman')",0.0,0.0,5,0.0,0,5,1,5,2,25,0.0,0.5,0
"('alanaronowitz', 'peterkeohane')",0.8449908585646988,0.5,8,0.18803418803418803,2,2,2,4,7,6,0.0,0.3333333333333333,0
"('jimschwieger', 'geraldnemec')",0.0,0.0,3,0.0,0,-1,3,1,4,19,0.3333333333333333,0.0,0
"('stevenharris', 'louisekitchen')",0.35295612386476116,0.04,88,0.058823529411764705,1,2,4,22,26,80,0.0,0.1038961038961039,0
"('ziminlu', 'ericbass')",0.0,0.0,4,0.0,0,5,1,4,2,37,0.0,0.16666666666666666,0
"('kamkeiser', 'kevinhyatt')",0.0,0.0,3,0.0,0,-1,1,3,1,7,0.0,0.0,0
"('johnarnold', 'torikuykendall')",0.5581106265512472,0.1111111111111111,9,0.16666666666666666,1,2,9,1,38,2,0.1388888888888889,0.0,0
"('kamkeiser', 'travismccullough')",0.0,0.0,1,0.0,0,-1,1,1,1,1,0.0,0.0,0
"('jamesderrick', 'larrycampbell')",0.0,0.0,6,0.0,0,4,3,2,6,8,0.0,0.0,0
"('errolmclaughlin', 'kennethlay')",0.0,0.0,10,0.0,0,4,2,5,9,9,1.0,0.4,0
"('robertfrank', 'timbelden')",0.4170323914242463,0.16666666666666666,6,0.09090909090909091,1,2,1,6,10,49,0.0,0.2,0
"('marieheard', 'stephaniesever')",0.3898712452512801,0.125,8,0.07692307692307693,1,2,8,1,25,10,0.6071428571428571,0.0,0
"('karendenne', 'martincuilla')",0.0,0.0,10,0.0,0,4,5,2,26,8,0.4,0.0,0
"('davidoxley', 'stewartrosman')",0.0,0.0,3,0.0,0,4,3,1,4,1,1.0,0.0,0
"('victorlamadrid', 'ericbass')",0.0,0.0,4,0.0,0,-1,1,4,2,37,0.0,0.16666666666666666,0
"('davidport', 'johnambler')",0.0,0.0,5,0.0,0,3,5,1,19,2,0.1,0.0,0
"('kevinhyatt', 'errolmclaughlin')",0.0,0.0,6,0.0,0,7,3,2,7,9,0.0,1.0,0
"('marieheard', 'psellers')",0.0,0.0,16,0.0,0,4,8,2,25,25,0.6071428571428571,1.0,0
"('stephaniepanus', 'richardshapiro')",0.0,0.0,66,0.0,0,3,6,11,6,109,0.9333333333333333,0.23636363636363636,0
"('mikemaggi', 'timbelden')",0.0,0.0,6,0.0,0,3,1,6,3,49,0.0,0.2,0
"('scottneal', 'rickbuy')",0.0,0.0,18,0.0,0,-1,3,6,3,17,0.0,0.06666666666666667,0
"('lauraluce', 'wescolwell')",0.7405478445729188,0.3333333333333333,15,0.13636363636363635,2,2,5,3,19,4,0.7,0.6666666666666666,0
"('info', 'shonawilson')",0.0,0.0,2,0.0,0,4,1,2,1,4,0.0,0.0,0
"('scottneal', 'garyhickerson')",0.0,0.0,3,0.0,0,-1,3,1,3,1,0.0,0.0,0
"('matthewlenhart', 'alanaronowitz')",0.0,0.0,6,0.0,0,4,3,2,6,7,0.6666666666666666,0.0,0
"('marycook', 'timbelden')",0.3898712452512801,0.06666666666666667,60,0.07692307692307693,1,2,10,6,36,49,0.4222222222222222,0.2,0
"('frankermis', 'robmilnthorp')",0.0,0.0,2,0.0,0,4,2,1,11,3,0.0,0.0,0
"('marieheard', 'arsystem')",0.3898712452512801,0.1111111111111111,16,0.07692307692307693,1,2,8,2,25,3,0.6071428571428571,0.0,0
"('johnarnold', 'kevinhyatt')",0.0,0.0,27,0.0,0,6,9,3,38,7,0.1388888888888889,0.0,0
"('nancysellers', 'richardshapiro')",0.35295612386476116,0.07142857142857142,44,0.058823529411764705,1,2,4,11,34,109,0.5,0.23636363636363636,0
"('wescolwell', 'douggilbert-smith')",0.0,0.0,3,0.0,0,3,3,1,4,1,0.6666666666666666,0.0,0
"('lornabrennan', 'johnlavorato')",0.0,0.0,11,0.0,0,7,1,11,2,40,0.0,0.21818181818181817,0
"('chrisabel', 'cheryljohnson')",0.0,0.0,2,0.0,0,5,2,1,4,1,1.0,0.0,0
"('chrisstokley', 'martincuilla')",0.0,0.0,2,0.0,0,6,1,2,1,8,0.0,0.0,0
"('sheilaglover', 'christianyoder')",0.43429448190325176,0.25,6,0.1,1,2,2,3,17,5,1.0,0.0,0
"('rodhayslett', 'robertbadeer')",0.0,0.0,2,0.0,0,5,2,1,4,2,0.0,0.0,0
"('cameron', 'samanthaboyd')",0.0,0.0,12,0.0,0,4,2,6,32,12,1.0,0.9333333333333333,0
"('chrisgermany', 'shelleycorman')",0.0,0.0,3,0.0,0,-1,1,3,2,7,0.0,0.0,0
"('kevinhyatt', 'arsystem')",0.0,0.0,6,0.0,0,7,3,2,7,3,0.0,0.0,0
"('victorlamadrid', 'garyhickerson')",0.0,0.0,1,0.0,0,-1,1,1,2,1,0.0,0.0,0
"('laureladams', 'gregwhalley')",0.0,0.0,33,0.0,0,4,3,11,4,21,0.0,0.3090909090909091,0
"('vkaminski', 'russelldiamond')",0.0,0.0,1,0.0,0,-1,1,1,2,3,0.0,0.0,0
"('kennethlay', 'errolmclaughlin')",0.0,0.0,10,0.0,0,4,5,2,9,9,0.4,1.0,0
"('sheilaglover', 'markkoenig')",0.0,0.0,6,0.0,0,4,2,3,17,5,1.0,0.0,0
"('dutchquigley', 'victorlamadrid')",0.0,0.0,6,0.0,0,-1,6,1,12,2,0.3333333333333333,0.0,0
"('marcusnettelton', 'garyhickerson')",0.0,0.0,3,0.0,0,4,3,1,5,1,0.0,0.0,0
"('robertbadeer', 'ziminlu')",0.0,0.0,1,0.0,0,5,1,1,2,2,0.0,0.0,0
"('samanthaboyd', 'eldon')",0.0,0.0,12,0.0,0,4,6,2,12,14,0.9333333333333333,1.0,0
"('shelleycorman', 'brianredmond')",0.0,0.0,9,0.0,0,5,3,3,7,5,0.0,1.0,0
"('cheryljohnson', 'kevinhyatt')",0.0,0.0,3,0.0,0,5,1,3,1,7,0.0,0.0,0
"('timbelden', 'russelldiamond')",0.0,0.0,6,0.0,0,3,6,1,49,3,0.2,0.0,0
"('christianyoder', 'gregwhalley')",0.4170323914242463,0.07692307692307693,33,0.09090909090909091,1,2,3,11,5,21,0.0,0.3090909090909091,0
"('mikemaggi', 'sallybeck')",0.0,0.0,4,0.0,0,3,1,4,3,14,0.0,0.16666666666666666,0
"('brianredmond', 'matthewlenhart')",0.0,0.0,9,0.0,0,3,3,3,5,6,1.0,0.6666666666666666,0
"('sheilaglover', 'elizabethsager')",0.0,0.0,18,0.0,0,3,2,9,17,15,1.0,0.05555555555555555,0
"('susanbailey', 'barrytycholiz')",0.0,0.0,60,0.0,0,3,6,10,20,54,0.9333333333333333,0.2222222222222222,0
"('jeffdasovich', 'michellelokay')",0.7213475204444817,0.05263157894736842,68,0.25,1,2,17,4,280,31,0.1619047619047619,0.5,0
"('scottneal', 'davidforster')",0.0,0.0,12,0.0,0,-1,3,4,3,10,0.0,0.5,0
"('jeffdasovich', 'tklohman')",0.0,0.0,85,0.0,0,3,17,5,280,25,0.1619047619047619,0.5,0
"('andyzipper', 'ericbass')",0.0,0.0,12,0.0,0,4,3,4,3,37,0.3333333333333333,0.16666666666666666,0
"('laureladams', 'wescolwell')",0.0,0.0,9,0.0,0,5,3,3,4,4,0.0,0.6666666666666666,0
"('garyhickerson', 'psellers')",0.0,0.0,2,0.0,0,3,1,2,1,25,0.0,1.0,0
"('cameron', 'laureladams')",0.0,0.0,6,0.0,0,5,2,3,32,4,1.0,0.0,0
"('jimschwieger', 'russelldiamond')",0.0,0.0,3,0.0,0,4,3,1,4,3,0.3333333333333333,0.0,0
"('errolmclaughlin', 'marieheard')",0.0,0.0,16,0.0,0,3,2,8,9,25,1.0,0.6071428571428571,0
"('stuartzisman', 'chrisabel')",0.0,0.0,4,0.0,0,3,2,2,3,4,0.0,1.0,0
"('stuartzisman', 'michellelokay')",0.0,0.0,8,0.0,0,4,2,4,3,31,0.0,0.5,0
"('peterkeohane', 'janetdietrich')",0.0,0.0,12,0.0,0,3,4,3,6,12,0.3333333333333333,0.3333333333333333,0
"('info', 'janetdietrich')",0.0,0.0,3,0.0,0,3,1,3,1,12,0.0,0.3333333333333333,0
"('garyhickerson', 'mikemaggi')",0.0,0.0,1,0.0,0,4,1,1,1,3,0.0,0.0,0
"('marieheard', 'chrisgermany')",0.0,0.0,8,0.0,0,-1,8,1,25,2,0.6071428571428571,0.0,0
"('robertfrank', 'sarahnovosel')",0.4170323914242463,0.16666666666666666,6,0.09090909090909091,1,2,1,6,10,16,0.0,0.6666666666666666,0
"('stephaniesever', 'johngriffith')",0.0,0.0,5,0.0,0,3,1,5,10,10,0.0,0.3,0
"('jayreitmeyer', 'johngriffith')",0.0,0.0,5,0.0,0,3,1,5,3,10,0.0,0.3,0
"('chrisgermany', 'markkoenig')",0.0,0.0,3,0.0,0,-1,1,3,2,5,0.0,0.0,0
"('travismccullough', 'christianyoder')",0.45511961331341866,0.3333333333333333,3,0.1111111111111111,1,2,1,3,1,5,0.0,0.0,0
"('drewfossum', 'eldon')",0.0,0.0,10,0.0,0,4,5,2,11,14,0.0,1.0,0
"('sarahnovosel', 'wescolwell')",0.7405478445729188,0.2857142857142857,18,0.13636363636363635,2,2,6,3,16,4,0.6666666666666666,0.6666666666666666,0
"('ziminlu', 'chrisabel')",0.0,0.0,2,0.0,0,5,1,2,2,4,0.0,1.0,0
"('davidforster', 'johnarnold')",0.32351545314867247,0.08333333333333333,36,0.045454545454545456,1,2,4,9,10,38,0.5,0.1388888888888889,0
"('shelleycorman', 'samanthaboyd')",0.0,0.0,18,0.0,0,3,3,6,7,12,0.0,0.9333333333333333,0
"('chrisgermany', 'michellelokay')",0.0,0.0,4,0.0,0,-1,1,4,2,31,0.0,0.5,0
"('johnambler', 'stephaniesever')",0.0,0.0,1,0.0,0,5,1,1,2,10,0.0,0.0,0
"('vkamins', 'tanyarohauer')",0.0,0.0,4,0.0,0,-1,1,4,2,8,0.0,0.6666666666666666,0
"('karendenne', 'timbelden')",0.35295612386476116,0.1,30,0.058823529411764705,1,2,5,6,26,49,0.4,0.2,0
"('travismccullough', 'rodhayslett')",0.0,0.0,2,0.0,0,6,1,2,1,4,0.0,0.0,0
"('kennethlay', 'joehartsoe')",0.0,0.0,10,0.0,0,5,5,2,9,7,0.4,0.0,0
"('samanthaboyd', 'kennethlay')",0.0,0.0,30,0.0,0,4,6,5,12,9,0.9333333333333333,0.4,0
"('stephaniesever', 'chrisgermany')",0.0,0.0,1,0.0,0,-1,1,1,10,2,0.0,0.0,0
"('chrisgermany', 'mikegrigsby')",0.0,0.0,7,0.0,0,-1,1,7,2,49,0.0,0.19047619047619047,0
"('sarahnovosel', 'elizabethlinnell')",0.4170323914242463,0.16666666666666666,6,0.09090909090909091,1,2,6,1,16,2,0.6666666666666666,0.0,0
"('audreyrobertson', 'lisamellencamp')",0.0,0.0,4,0.0,0,3,4,1,20,9,0.5,0.0,0
"('tklohman', 'mikemaggi')",0.0,0.0,5,0.0,0,6,5,1,25,3,0.5,0.0,0
"('timbelden', 'vkamins')",0.0,0.0,6,0.0,0,-1,6,1,49,2,0.2,0.0,0
"('tanyarohauer', 'mikemaggi')",0.0,0.0,4,0.0,0,4,4,1,8,3,0.6666666666666666,0.0,0
"('barrytycholiz', 'dutchquigley')",0.0,0.0,60,0.0,0,3,10,6,54,12,0.2222222222222222,0.3333333333333333,0
"('andyzipper', 'nancysellers')",0.0,0.0,12,0.0,0,3,3,4,3,34,0.3333333333333333,0.5,0
"('davidforster', 'arsystem')",0.0,0.0,8,0.0,0,4,4,2,10,3,0.5,0.0,0
"('sheilaglover', 'frankermis')",0.0,0.0,4,0.0,0,6,2,2,17,11,1.0,0.0,0
"('danadavis', 'dutchquigley')",0.0,0.0,6,0.0,0,3,1,6,1,12,0.0,0.3333333333333333,0
"('errolmclaughlin', 'timbelden')",0.0,0.0,12,0.0,0,3,2,6,9,49,1.0,0.2,0
"('edwardsacks', 'lisamellencamp')",0.0,0.0,3,0.0,0,3,3,1,3,9,0.0,0.0,0
"('jeffdasovich', 'jimschwieger')",0.32351545314867247,0.05555555555555555,51,0.045454545454545456,1,2,17,3,280,4,0.1619047619047619,0.3333333333333333,0
"('sarahnovosel', 'jimschwieger')",0.7405478445729188,0.2857142857142857,18,0.13636363636363635,2,2,6,3,16,4,0.6666666666666666,0.3333333333333333,0
"('cameron', 'shelleycorman')",0.0,0.0,6,0.0,0,5,2,3,32,7,1.0,0.0,0
"('jimschwieger', 'janetdietrich')",0.0,0.0,9,0.0,0,3,3,3,4,12,0.3333333333333333,0.3333333333333333,0
"('barrytycholiz', 'larrycampbell')",0.0,0.0,20,0.0,0,6,10,2,54,8,0.2222222222222222,0.0,0
"('stewartrosman', 'martincuilla')",0.0,0.0,2,0.0,0,6,1,2,1,8,0.0,0.0,0
"('drewfossum', 'louisekitchen')",0.0,0.0,110,0.0,0,3,5,22,11,80,0.0,0.1038961038961039,0
"('torikuykendall', 'elizabethsager')",0.0,0.0,9,0.0,0,4,1,9,2,15,0.0,0.05555555555555555,0
"('barrytycholiz', 'lindydonoho')",0.0,0.0,50,0.0,0,4,10,5,54,17,0.2222222222222222,0.5,0
"('garyhickerson', 'inarangel')",0.0,0.0,6,0.0,0,4,1,6,1,19,0.0,0.13333333333333333,0
"('geraldnemec', 'marcusnettelton')",0.0,0.0,3,0.0,0,-1,1,3,19,5,0.0,0.0,0
"('mikemaggi', 'brittdavis')",0.0,0.0,1,0.0,0,6,1,1,3,1,0.0,0.0,0
"('christianyoder', 'johnarnold')",0.0,0.0,27,0.0,0,3,3,9,5,38,0.0,0.1388888888888889,0
"('edwardsacks', 'jeffdasovich')",0.5581106265512472,0.05555555555555555,51,0.16666666666666666,1,2,3,17,3,280,0.0,0.1619047619047619,0
"('michellecash', 'cameron')",0.0,0.0,10,0.0,0,3,5,2,5,32,0.0,1.0,0
"('mikemaggi', 'douggilbert-smith')",0.0,0.0,1,0.0,0,4,1,1,3,1,0.0,0.0,0
"('errolmclaughlin', 'kevinhyatt')",0.0,0.0,6,0.0,0,7,2,3,9,7,1.0,0.0,0
"('mikegrigsby', 'wescolwell')",0.4170323914242463,0.1111111111111111,21,0.09090909090909091,1,2,7,3,49,4,0.19047619047619047,0.6666666666666666,0
"('mikemaggi', 'wescolwell')",0.0,0.0,3,0.0,0,3,1,3,3,4,0.0,0.6666666666666666,0
"('alanaronowitz', 'danadavis')",0.0,0.0,2,0.0,0,4,2,1,7,1,0.0,0.0,0
"('ziminlu', 'douggilbert-smith')",0.0,0.0,1,0.0,0,5,1,1,2,1,0.0,0.0,0
"('marieheard', 'chrisabel')",0.0,0.0,16,0.0,0,4,8,2,25,4,0.6071428571428571,1.0,0
"('lauraluce', 'ziminlu')",0.0,0.0,5,0.0,0,4,5,1,19,2,0.7,0.0,0
"('davidport', 'johnlavorato')",0.32351545314867247,0.06666666666666667,55,0.045454545454545456,1,2,5,11,19,40,0.1,0.21818181818181817,0
"('cameron', 'russelldiamond')",0.0,0.0,2,0.0,0,5,2,1,32,3,1.0,0.0,0
"('stewartrosman', 'stevenharris')",0.0,0.0,4,0.0,0,3,1,4,1,26,0.0,0.0,0
"('davidport', 'marycook')",0.0,0.0,50,0.0,0,3,5,10,19,36,0.1,0.4222222222222222,0
"('lorrainelindberg', 'russelldiamond')",0.0,0.0,4,0.0,0,7,4,1,29,3,0.8333333333333334,0.0,0
"('stephaniepanus', 'ziminlu')",0.0,0.0,6,0.0,0,4,6,1,6,2,0.9333333333333333,0.0,0
"('johnarnold', 'chrisabel')",0.0,0.0,18,0.0,0,3,9,2,38,4,0.1388888888888889,1.0,0
"('tanyarohauer', 'susanbailey')",1.3494873107694914,0.42857142857142855,24,0.325,3,2,4,6,8,20,0.6666666666666666,0.9333333333333333,0
"('marycook', 'chrisgermany')",0.0,0.0,10,0.0,0,-1,10,1,36,2,0.4222222222222222,0.0,0
"('ericbass', 'debraperlingiere')",0.0,0.0,4,0.0,0,-1,4,1,37,19,0.16666666666666666,0.0,0
"('lisamellencamp', 'laureladams')",0.0,0.0,3,0.0,0,5,1,3,9,4,0.0,0.0,0
"('geraldnemec', 'chrisgermany')",0.0,0.0,1,0.0,0,-1,1,1,19,2,0.0,0.0,0
"('marcusnettelton', 'cindyolson')",0.0,0.0,3,0.0,0,4,3,1,5,1,0.0,0.0,0
"('lauraluce', 'douggilbert-smith')",0.7213475204444817,0.2,5,0.25,1,2,5,1,19,1,0.7,0.0,0
"('christianyoder', 'elizabethlinnell')",0.4170323914242463,0.3333333333333333,3,0.09090909090909091,1,2,3,1,5,2,0.0,0.0,0
"('karendenne', 'larrycampbell')",0.0,0.0,10,0.0,0,5,5,2,26,8,0.4,0.0,0
"('gregwhalley', 'laureladams')",0.0,0.0,33,0.0,0,4,11,3,21,4,0.3090909090909091,0.0,0
"('sarahnovosel', 'inarangel')",0.0,0.0,36,0.0,0,3,6,6,16,19,0.6666666666666666,0.13333333333333333,0
"('lindydonoho', 'rodhayslett')",0.6213349345596119,0.16666666666666666,10,0.2,1,2,5,2,17,4,0.5,0.0,0
"('andyzipper', 'stewartrosman')",0.0,0.0,3,0.0,0,4,3,1,3,1,0.3333333333333333,0.0,0
"('martincuilla', 'stewartrosman')",0.0,0.0,2,0.0,0,6,2,1,8,1,0.0,0.0,0
"('kamkeiser', 'barrytycholiz')",0.0,0.0,10,0.0,0,-1,1,10,1,54,0.0,0.2222222222222222,0
"('stewartrosman', 'stephaniesever')",0.0,0.0,1,0.0,0,3,1,1,1,10,0.0,0.0,0
"('brenthendry', 'lauraluce')",0.0,0.0,5,0.0,0,4,1,5,8,19,0.0,0.7,0
"('chrisgermany', 'wescolwell')",0.0,0.0,3,0.0,0,-1,1,3,2,4,0.0,0.6666666666666666,0
"('timbelden', 'rodhayslett')",0.0,0.0,12,0.0,0,3,6,2,49,4,0.2,0.0,0
"('info', 'lisamellencamp')",0.0,0.0,1,0.0,0,3,1,1,1,9,0.0,0.0,0
"('louisekitchen', 'marcusnettelton')",0.6213349345596119,0.041666666666666664,66,0.2,1,2,22,3,80,5,0.1038961038961039,0.0,0
"('vkamins', 'karendenne')",0.0,0.0,5,0.0,0,-1,1,5,2,26,0.0,0.4,0
"('errolmclaughlin', 'rickbuy')",0.0,0.0,12,0.0,0,4,2,6,9,17,1.0,0.06666666666666667,0
"('jimschwieger', 'johnarnold')",0.7405478445729188,0.2,27,0.13636363636363635,2,2,3,9,4,38,0.3333333333333333,0.1388888888888889,0
"('victorlamadrid', 'vkamins')",0.0,0.0,1,0.0,0,-1,1,1,2,2,0.0,0.0,0
"('christianyoder', 'johnambler')",0.0,0.0,3,0.0,0,4,3,1,5,2,0.0,0.0,0
"('michellelokay', 'douggilbert-smith')",0.0,0.0,4,0.0,0,5,4,1,31,1,0.5,0.0,0
"('michellelokay', 'stephaniepanus')",0.0,0.0,24,0.0,0,5,4,6,31,6,0.5,0.9333333333333333,0
"('ziminlu', 'tanajones')",0.0,0.0,13,0.0,0,3,1,13,2,36,0.0,0.15384615384615385,0
"('kennethlay', 'garyhickerson')",0.4170323914242463,0.2,5,0.09090909090909091,1,2,5,1,9,1,0.4,0.0,0
"('info', 'peterkeohane')",0.43429448190325176,0.25,4,0.1,1,2,1,4,1,6,0.0,0.3333333333333333,0
"('sarashackleton', 'stuartzisman')",0.0,0.0,20,0.0,0,4,10,2,34,3,0.28888888888888886,0.0,0
"('eldon', 'psellers')",1.0743036443092429,1.0,4,0.3088235294117647,2,2,2,2,14,25,1.0,1.0,0
"('marcusnettelton', 'russelldiamond')",0.0,0.0,3,0.0,0,3,3,1,5,3,0.0,0.0,0
"('victorlamadrid', 'info')",0.0,0.0,1,0.0,0,-1,1,1,2,1,0.0,0.0,0
"('inarangel', 'douggilbert-smith')",0.0,0.0,6,0.0,0,3,6,1,19,1,0.13333333333333333,0.0,0
"('jimschwieger', 'stevenharris')",0.0,0.0,12,0.0,0,3,3,4,4,26,0.3333333333333333,0.0,0
"('edwardsacks', 'shelleycorman')",0.0,0.0,9,0.0,0,3,3,3,3,7,0.0,0.0,0
"('douggilbert-smith', 'garyhickerson')",0.0,0.0,1,0.0,0,4,1,1,1,1,0.0,0.0,0
"('barrytycholiz', 'stewartrosman')",0.0,0.0,10,0.0,0,3,10,1,54,1,0.2222222222222222,0.0,0
"('lisamellencamp', 'davidoxley')",0.0,0.0,3,0.0,0,3,1,3,9,4,0.0,1.0,0
"('stewartrosman', 'vkaminski')",0.0,0.0,1,0.0,0,-1,1,1,1,2,0.0,0.0,0
"('marieheard', 'stuartzisman')",0.0,0.0,16,0.0,0,4,8,2,25,3,0.6071428571428571,0.0,0
"('michellelokay', 'jamesderrick')",0.0,0.0,12,0.0,0,3,4,3,31,6,0.5,0.0,0
"('lisamellencamp', 'arsystem')",0.0,0.0,2,0.0,0,4,1,2,9,3,0.0,0.0,0
"('kevinhyatt', 'tanyarohauer')",0.0,0.0,12,0.0,0,6,3,4,7,8,0.0,0.6666666666666666,0
"('sarashackleton', 'paulkaufman')",0.0,0.0,40,0.0,0,3,10,4,34,29,0.28888888888888886,0.8333333333333334,0
"('rickbuy', 'vkaminski')",0.0,0.0,6,0.0,0,-1,6,1,17,2,0.06666666666666667,0.0,0
"('lisamellencamp', 'lorrainelindberg')",0.0,0.0,4,0.0,0,4,1,4,9,29,0.0,0.8333333333333334,0
"('jimschwieger', 'cheryljohnson')",0.0,0.0,3,0.0,0,6,3,1,4,1,0.3333333333333333,0.0,0
"('chrisabel', 'gregwhalley')",0.0,0.0,22,0.0,0,3,2,11,4,21,1.0,0.3090909090909091,0
"('louisekitchen', 'cameron')",0.35295612386476116,0.043478260869565216,44,0.058823529411764705,1,2,22,2,80,32,0.1038961038961039,1.0,0
"('paulkaufman', 'stuartzisman')",0.0,0.0,8,0.0,0,3,4,2,29,3,0.8333333333333334,0.0,0
"('shonawilson', 'tklohman')",0.0,0.0,10,0.0,0,6,2,5,4,25,0.0,0.5,0
"('info', 'tanyarohauer')",0.0,0.0,4,0.0,0,4,1,4,1,8,0.0,0.6666666666666666,0
"('rodhayslett', 'kennethlay')",0.0,0.0,10,0.0,0,4,2,5,4,9,0.0,0.4,0
"('errolmclaughlin', 'brenthendry')",0.0,0.0,2,0.0,0,4,2,1,9,8,1.0,0.0,0
"('johnlavorato', 'geraldnemec')",0.0,0.0,11,0.0,0,-1,11,1,40,19,0.21818181818181817,0.0,0
"('stephaniesever', 'stewartrosman')",0.0,0.0,1,0.0,0,3,1,1,10,1,0.0,0.0,0
"('amyfitzpatrick', 'davidforster')",0.0,0.0,8,0.0,0,3,2,4,2,10,0.0,0.5,0
"('raymondbowen', 'info')",0.0,0.0,1,0.0,0,3,1,1,3,1,0.0,0.0,0
"('audreyrobertson', 'samanthaboyd')",0.0,0.0,24,0.0,0,5,4,6,20,12,0.5,0.9333333333333333,0
"('arsystem', 'robertbadeer')",0.0,0.0,2,0.0,0,5,2,1,3,2,0.0,0.0,0
"('errolmclaughlin', 'sarashackleton')",0.0,0.0,20,0.0,0,4,2,10,9,34,1.0,0.28888888888888886,0
"('matthewlenhart', 'larrycampbell')",0.0,0.0,6,0.0,0,8,3,2,6,8,0.6666666666666666,0.0,0
"('shonawilson', 'cindyolson')",0.0,0.0,2,0.0,0,4,2,1,4,1,0.0,0.0,0
"('garyhickerson', 'davidport')",0.0,0.0,5,0.0,0,3,1,5,1,19,0.0,0.1,0
"('jayreitmeyer', 'vkaminski')",0.0,0.0,1,0.0,0,-1,1,1,3,2,0.0,0.0,0
"('audreyrobertson', 'johnlavorato')",0.0,0.0,44,0.0,0,4,4,11,20,40,0.5,0.21818181818181817,0
"('chrisabel', 'eldon')",0.0,0.0,4,0.0,0,4,2,2,4,14,1.0,1.0,0
"('stewartrosman', 'psellers')",0.0,0.0,2,0.0,0,3,1,2,1,25,0.0,1.0,0
"('sarahnovosel', 'stevenharris')",0.35295612386476116,0.1111111111111111,24,0.058823529411764705,1,2,6,4,16,26,0.6666666666666666,0.0,0
"('nancysellers', 'vkamins')",0.0,0.0,4,0.0,0,-1,4,1,34,2,0.5,0.0,0
"('stephaniepanus', 'stuartzisman')",0.0,0.0,12,0.0,0,4,6,2,6,3,0.9333333333333333,0.0,0
"('jayreitmeyer', 'torikuykendall')",0.5581106265512472,1.0,1,0.16666666666666666,1,2,1,1,3,2,0.0,0.0,0
"('samanthaboyd', 'michellecash')",0.0,0.0,30,0.0,0,4,6,5,12,5,0.9333333333333333,0.0,0
"('cameron', 'tanajones')",0.0,0.0,26,0.0,0,3,2,13,32,36,1.0,0.15384615384615385,0
"('lisamellencamp', 'danadavis')",0.0,0.0,1,0.0,0,3,1,1,9,1,0.0,0.0,0
"('amyfitzpatrick', 'kennethlay')",0.6213349345596119,0.16666666666666666,10,0.2,1,2,2,5,2,9,0.0,0.4,0
"('alanaronowitz', 'jeffdasovich')",0.0,0.0,34,0.0,0,3,2,17,7,280,0.0,0.1619047619047619,0
"('audreyrobertson', 'sallybeck')",0.0,0.0,16,0.0,0,4,4,4,20,14,0.5,0.16666666666666666,0
"('stevenharris', 'geraldnemec')",0.0,0.0,4,0.0,0,-1,4,1,26,19,0.0,0.0,0
"('shelleycorman', 'davidport')",0.0,0.0,15,0.0,0,5,3,5,7,19,0.0,0.1,0
"('lornabrennan', 'geraldnemec')",0.0,0.0,1,0.0,0,-1,1,1,2,19,0.0,0.0,0
"('stephaniesever', 'frankermis')",0.0,0.0,2,0.0,0,5,1,2,10,11,0.0,0.0,0
"('janetdietrich', 'eldon')",0.35295612386476116,0.25,6,0.058823529411764705,1,2,3,2,12,14,0.3333333333333333,1.0,0
"('errolmclaughlin', 'sarahnovosel')",0.0,0.0,12,0.0,0,3,2,6,9,16,1.0,0.6666666666666666,0
"('edwardsacks', 'shonawilson')",0.0,0.0,6,0.0,0,3,3,2,3,4,0.0,0.0,0
"('susanbailey', 'brianredmond')",0.0,0.0,18,0.0,0,4,6,3,20,5,0.9333333333333333,1.0,0
"('mikegrigsby', 'markkoenig')",0.0,0.0,21,0.0,0,3,7,3,49,5,0.19047619047619047,0.0,0
"('sarahnovosel', 'douggilbert-smith')",0.0,0.0,6,0.0,0,3,6,1,16,1,0.6666666666666666,0.0,0
"('cheryljohnson', 'stevenharris')",0.0,0.0,4,0.0,0,5,1,4,1,26,0.0,0.0,0
"('douggilbert-smith', 'stewartrosman')",0.0,0.0,1,0.0,0,5,1,1,1,1,0.0,0.0,0
"('kevinhyatt', 'scottneal')",0.0,0.0,9,0.0,0,-1,3,3,7,3,0.0,0.0,0
"('gregwhalley', 'elizabethlinnell')",0.4170323914242463,0.09090909090909091,11,0.09090909090909091,1,2,11,1,21,2,0.3090909090909091,0.0,0
"('paulkaufman', 'chrisgermany')",0.0,0.0,4,0.0,0,-1,4,1,29,2,0.8333333333333334,0.0,0
"('brittdavis', 'louisekitchen')",0.0,0.0,22,0.0,0,4,1,22,1,80,0.0,0.1038961038961039,0
"('lorrainelindberg', 'paulkaufman')",0.0,0.0,16,0.0,0,4,4,4,29,29,0.8333333333333334,0.8333333333333334,0
"('debraperlingiere', 'frankermis')",0.0,0.0,2,0.0,0,-1,1,2,19,11,0.0,0.0,0
"('stuartzisman', 'susanbailey')",0.0,0.0,12,0.0,0,4,2,6,3,20,0.0,0.9333333333333333,0
"('stewartrosman', 'tanyarohauer')",0.0,0.0,4,0.0,0,4,1,4,1,8,0.0,0.6666666666666666,0
"('lorrainelindberg', 'marcusnettelton')",0.0,0.0,12,0.0,0,6,4,3,29,5,0.8333333333333334,0.0,0
"('brianredmond', 'scottneal')",0.0,0.0,9,0.0,0,-1,3,3,5,3,1.0,0.0,0
"('kamkeiser', 'jayreitmeyer')",0.0,0.0,1,0.0,0,-1,1,1,1,3,0.0,0.0,0
"('cheryljohnson', 'markkoenig')",0.0,0.0,3,0.0,0,5,1,3,1,5,0.0,0.0,0
"('michellelokay', 'markkoenig')",0.0,0.0,12,0.0,0,4,4,3,31,5,0.5,0.0,0
"('michellelokay', 'rodhayslett')",0.7213475204444817,0.2,8,0.25,1,2,4,2,31,4,0.5,0.0,0
"('brittdavis', 'stevenharris')",0.0,0.0,4,0.0,0,3,1,4,1,26,0.0,0.0,0
"('tanyarohauer', 'robertbadeer')",0.0,0.0,4,0.0,0,5,4,1,8,2,0.6666666666666666,0.0,0
"('peterkeohane', 'michellecash')",0.0,0.0,20,0.0,0,3,4,5,6,5,0.3333333333333333,0.0,0
"('ericbass', 'edwardsacks')",0.0,0.0,12,0.0,0,5,4,3,37,3,0.16666666666666666,0.0,0
"('keithholst', 'jamesderrick')",0.0,0.0,3,0.0,0,4,1,3,1,6,0.0,0.0,0
"('christianyoder', 'stevenharris')",0.0,0.0,12,0.0,0,3,3,4,5,26,0.0,0.0,0
"('christianyoder', 'louisekitchen')",0.4170323914242463,0.041666666666666664,66,0.09090909090909091,1,2,3,22,5,80,0.0,0.1038961038961039,0
"('sheilaglover', 'cheryljohnson')",0.0,0.0,2,0.0,0,3,2,1,17,1,1.0,0.0,0
"('lindydonoho', 'frankermis')",0.0,0.0,10,0.0,0,6,5,2,17,11,0.5,0.0,0
"('brenthendry', 'christianyoder')",0.0,0.0,3,0.0,0,3,1,3,8,5,0.0,0.0,0
"('marycook', 'jamesderrick')",0.0,0.0,30,0.0,0,5,10,3,36,6,0.4222222222222222,0.0,0
"('chrisstokley', 'ziminlu')",0.0,0.0,1,0.0,0,6,1,1,1,2,0.0,0.0,0
"('sarashackleton', 'cameron')",0.0,0.0,20,0.0,0,4,10,2,34,32,0.28888888888888886,1.0,0
"('stuartzisman', 'cheryljohnson')",0.0,0.0,2,0.0,0,6,2,1,3,1,0.0,0.0,0
"('jimschwieger', 'paulkaufman')",0.0,0.0,12,0.0,0,3,3,4,4,29,0.3333333333333333,0.8333333333333334,0
"('michellecash', 'johnarnold')",0.32351545314867247,0.07692307692307693,45,0.045454545454545456,1,2,5,9,5,38,0.0,0.1388888888888889,0
"('lorrainelindberg', 'wescolwell')",0.0,0.0,12,0.0,0,5,4,3,29,4,0.8333333333333334,0.6666666666666666,0
"('michellelokay', 'kennethlay')",0.0,0.0,20,0.0,0,4,4,5,31,9,0.5,0.4,0
"('kaymann', 'victorlamadrid')",0.0,0.0,2,0.0,0,-1,2,1,2,2,0.0,0.0,0
"('marcusnettelton', 'nancysellers')",0.0,0.0,12,0.0,0,4,3,4,5,34,0.0,0.5,0
"('shonawilson', 'sarashackleton')",0.0,0.0,20,0.0,0,4,2,10,4,34,0.0,0.28888888888888886,0
"('martincuilla', 'sarashackleton')",0.0,0.0,20,0.0,0,6,2,10,8,34,0.0,0.28888888888888886,0
"('chrisabel', 'cameron')",0.0,0.0,4,0.0,0,4,2,2,4,32,1.0,1.0,0
"('info', 'marcusnettelton')",0.0,0.0,3,0.0,0,4,1,3,1,5,0.0,0.0,0
"('paulkaufman', 'vkamins')",0.0,0.0,4,0.0,0,-1,4,1,29,2,0.8333333333333334,0.0,0
"('barrytycholiz', 'janetdietrich')",0.35295612386476116,0.08333333333333333,30,0.058823529411764705,1,2,10,3,54,12,0.2222222222222222,0.3333333333333333,0
"('kamkeiser', 'stephaniesever')",0.0,0.0,1,0.0,0,-1,1,1,1,10,0.0,0.0,0
"('info', 'mikemaggi')",0.0,0.0,1,0.0,0,4,1,1,1,3,0.0,0.0,0
"('larrycampbell', 'jeffdasovich')",0.0,0.0,34,0.0,0,5,2,17,8,280,0.0,0.1619047619047619,0
"('arsystem', 'michellecash')",0.0,0.0,10,0.0,0,4,2,5,3,5,0.0,0.0,0
"('douggilbert-smith', 'audreyrobertson')",0.0,0.0,4,0.0,0,5,1,4,1,20,0.0,0.5,0
"('jimschwieger', 'stephaniepanus')",0.0,0.0,18,0.0,0,4,3,6,4,6,0.3333333333333333,0.9333333333333333,0
"('elizabethsager', 'eldon')",0.0,0.0,18,0.0,0,4,9,2,15,14,0.05555555555555555,1.0,0
"('inarangel', 'danadavis')",0.0,0.0,6,0.0,0,3,6,1,19,1,0.13333333333333333,0.0,0
"('alanaronowitz', 'johngriffith')",0.0,0.0,10,0.0,0,3,2,5,7,10,0.0,0.3,0
"('debraperlingiere', 'danadavis')",0.0,0.0,1,0.0,0,-1,1,1,19,1,0.0,0.0,0
"('brianredmond', 'paulkaufman')",0.0,0.0,12,0.0,0,3,3,4,5,29,1.0,0.8333333333333334,0
"('stewartrosman', 'gregwhalley')",0.0,0.0,11,0.0,0,3,1,11,1,21,0.0,0.3090909090909091,0
"('audreyrobertson', 'jayreitmeyer')",0.0,0.0,4,0.0,0,5,4,1,20,3,0.5,0.0,0
"('drewfossum', 'victorlamadrid')",0.0,0.0,5,0.0,0,-1,5,1,11,2,0.0,0.0,0
"('scottneal', 'alanaronowitz')",0.0,0.0,6,0.0,0,-1,3,2,3,7,0.0,0.0,0
"('marcusnettelton', 'jayreitmeyer')",0.0,0.0,3,0.0,0,4,3,1,5,3,0.0,0.0,0
"('edwardsacks', 'keithholst')",0.0,0.0,3,0.0,0,5,3,1,3,1,0.0,0.0,0
"('jeffdasovich', 'shelleycorman')",0.0,0.0,51,0.0,0,4,17,3,280,7,0.1619047619047619,0.0,0
"('stephaniesever', 'inarangel')",0.0,0.0,6,0.0,0,3,1,6,10,19,0.0,0.13333333333333333,0
"('robmilnthorp', 'christianyoder')",0.0,0.0,3,0.0,0,3,1,3,3,5,0.0,0.0,0
"('elizabethsager', 'robertbadeer')",0.0,0.0,9,0.0,0,4,9,1,15,2,0.05555555555555555,0.0,0
"('danadavis', 'brenthendry')",0.0,0.0,1,0.0,0,5,1,1,1,8,0.0,0.0,0
"('raymondbowen', 'marycook')",0.0,0.0,10,0.0,0,4,1,10,3,36,0.0,0.4222222222222222,0
"('rickbuy', 'dutchquigley')",0.0,0.0,36,0.0,0,4,6,6,17,12,0.06666666666666667,0.3333333333333333,0
"('shelleycorman', 'marcusnettelton')",0.0,0.0,9,0.0,0,5,3,3,7,5,0.0,0.0,0
"('cameron', 'sarashackleton')",0.0,0.0,20,0.0,0,4,2,10,32,34,1.0,0.28888888888888886,0
"('ericbass', 'sarashackleton')",0.0,0.0,40,0.0,0,5,4,10,37,34,0.16666666666666666,0.28888888888888886,0
"('lisamellencamp', 'markkoenig')",0.0,0.0,3,0.0,0,3,1,3,9,5,0.0,0.0,0
"('michellelokay', 'errolmclaughlin')",0.0,0.0,8,0.0,0,5,4,2,31,9,0.5,1.0,0
"('ericbass', 'kamkeiser')",0.0,0.0,4,0.0,0,-1,4,1,37,1,0.16666666666666666,0.0,0
"('elizabethlinnell', 'sallybeck')",0.0,0.0,4,0.0,0,3,1,4,2,14,0.0,0.16666666666666666,0
"('marycook', 'chrisabel')",0.0,0.0,20,0.0,0,4,10,2,36,4,0.4222222222222222,1.0,0
"('johnarnold', 'jimschwieger')",0.7405478445729188,0.2,27,0.13636363636363635,2,2,9,3,38,4,0.1388888888888889,0.3333333333333333,0
"('sarahnovosel', 'arsystem')",0.0,0.0,12,0.0,0,4,6,2,16,3,0.6666666666666666,0.0,0
"('scottneal', 'shelleycorman')",0.0,0.0,9,0.0,0,-1,3,3,3,7,0.0,0.0,0
"('kamkeiser', 'davidport')",0.0,0.0,5,0.0,0,-1,1,5,1,19,0.0,0.1,0
"('elizabethlinnell', 'johnambler')",0.0,0.0,1,0.0,0,4,1,1,2,2,0.0,0.0,0
"('nancysellers', 'lorrainelindberg')",0.0,0.0,16,0.0,0,4,4,4,34,29,0.5,0.8333333333333334,0
"('richardshapiro', 'travismccullough')",0.0,0.0,11,0.0,0,3,11,1,109,1,0.23636363636363636,0.0,0
"('johnlavorato', 'drewfossum')",0.0,0.0,55,0.0,0,4,11,5,40,11,0.21818181818181817,0.0,0
"('peterkeohane', 'rodhayslett')",0.0,0.0,8,0.0,0,4,4,2,6,4,0.3333333333333333,0.0,0
"('frankermis', 'lisamellencamp')",0.0,0.0,2,0.0,0,4,2,1,11,9,0.0,0.0,0
"('keithholst', 'paulkaufman')",0.0,0.0,4,0.0,0,3,1,4,1,29,0.0,0.8333333333333334,0
"('kevinhyatt', 'vkaminski')",0.0,0.0,3,0.0,0,-1,3,1,7,2,0.0,0.0,0
"('amyfitzpatrick', 'susanbailey')",0.0,0.0,12,0.0,0,5,2,6,2,20,0.0,0.9333333333333333,0
"('peterkeohane', 'kevinhyatt')",0.0,0.0,12,0.0,0,6,4,3,6,7,0.3333333333333333,0.0,0
"('barrytycholiz', 'shelleycorman')",0.0,0.0,30,0.0,0,5,10,3,54,7,0.2222222222222222,0.0,0
"('peterkeohane', 'paulkaufman')",0.0,0.0,16,0.0,0,3,4,4,6,29,0.3333333333333333,0.8333333333333334,0
"('arsystem', 'marycook')",0.8449908585646988,0.2,20,0.18803418803418803,2,2,2,10,3,36,0.0,0.4222222222222222,0
"('jamesderrick', 'travismccullough')",0.0,0.0,3,0.0,0,6,3,1,6,1,0.0,0.0,0
"('drewfossum', 'sarahnovosel')",0.0,0.0,30,0.0,0,4,5,6,11,16,0.0,0.6666666666666666,0
"('shelleycorman', 'robmilnthorp')",0.0,0.0,3,0.0,0,5,3,1,7,3,0.0,0.0,0
"('errolmclaughlin', 'laureladams')",0.0,0.0,6,0.0,0,5,2,3,9,4,1.0,0.0,0
"('karendenne', 'johnlavorato')",0.7405478445729188,0.14285714285714285,55,0.13636363636363635,2,2,5,11,26,40,0.4,0.21818181818181817,0
"('geraldnemec', 'tklohman')",0.0,0.0,5,0.0,0,-1,1,5,19,25,0.0,0.5,0
"('dutchquigley', 'johnambler')",0.0,0.0,6,0.0,0,4,6,1,12,2,0.3333333333333333,0.0,0
"('lorrainelindberg', 'timbelden')",0.0,0.0,24,0.0,0,4,4,6,29,49,0.8333333333333334,0.2,0
"('chrisstokley', 'stuartzisman')",0.0,0.0,2,0.0,0,4,1,2,1,3,0.0,0.0,0
"('brianredmond', 'kennethlay')",0.0,0.0,15,0.0,0,3,3,5,5,9,1.0,0.4,0
"('laureladams', 'alanaronowitz')",0.0,0.0,6,0.0,0,4,3,2,4,7,0.0,0.0,0
"('arsystem', 'susanbailey')",0.3898712452512801,0.14285714285714285,12,0.07692307692307693,1,2,2,6,3,20,0.0,0.9333333333333333,0
"('brianredmond', 'kaymann')",0.0,0.0,6,0.0,0,3,3,2,5,2,1.0,0.0,0
"('shonawilson', 'marycook')",0.0,0.0,20,0.0,0,4,2,10,4,36,0.0,0.4222222222222222,0
"('garyhickerson', 'ericbass')",0.0,0.0,4,0.0,0,4,1,4,1,37,0.0,0.16666666666666666,0
"('barrytycholiz', 'gregwhalley')",1.09350396843768,0.16666666666666666,110,0.19518716577540107,3,2,10,11,54,21,0.2222222222222222,0.3090909090909091,0
"('stephaniesever', 'matthewlenhart')",0.0,0.0,3,0.0,0,4,1,3,10,6,0.0,0.6666666666666666,0
"('joehartsoe', 'andyzipper')",0.0,0.0,6,0.0,0,6,2,3,7,3,0.0,0.3333333333333333,0
"('amyfitzpatrick', 'joehartsoe')",0.0,0.0,4,0.0,0,5,2,2,2,7,0.0,0.0,0
"('richardshapiro', 'robmilnthorp')",0.32351545314867247,0.09090909090909091,11,0.045454545454545456,1,2,11,1,109,3,0.23636363636363636,0.0,0
"('danadavis', 'michellecash')",0.32351545314867247,0.2,5,0.045454545454545456,1,2,1,5,1,5,0.0,0.0,0
"('marycook', 'sarahnovosel')",0.0,0.0,60,0.0,0,4,10,6,36,16,0.4222222222222222,0.6666666666666666,0
"('audreyrobertson', 'tanyarohauer')",0.0,0.0,16,0.0,0,6,4,4,20,8,0.5,0.6666666666666666,0
"('arsystem', 'gregwhalley')",0.0,0.0,22,0.0,0,4,2,11,3,21,0.0,0.3090909090909091,0
"('edwardsacks', 'joehartsoe')",0.0,0.0,6,0.0,0,4,3,2,3,7,0.0,0.0,0
"('matthewlenhart', 'christianyoder')",0.0,0.0,9,0.0,0,5,3,3,6,5,0.6666666666666666,0.0,0
"('rodhayslett', 'marieheard')",0.0,0.0,16,0.0,0,5,2,8,4,25,0.0,0.6071428571428571,0
"('chrisgermany', 'tanyarohauer')",0.0,0.0,4,0.0,0,-1,1,4,2,8,0.0,0.6666666666666666,0
"('drewfossum', 'sheilaglover')",0.0,0.0,10,0.0,0,4,5,2,11,17,0.0,1.0,0
"('mikegrigsby', 'andyzipper')",0.0,0.0,21,0.0,0,3,7,3,49,3,0.19047619047619047,0.3333333333333333,0
"('johngriffith', 'jayreitmeyer')",0.0,0.0,5,0.0,0,3,5,1,10,3,0.3,0.0,0
"('debraperlingiere', 'edwardsacks')",0.0,0.0,3,0.0,0,-1,1,3,19,3,0.0,0.0,0
"('larrycampbell', 'arsystem')",0.0,0.0,4,0.0,0,7,2,2,8,3,0.0,0.0,0
"('cameron', 'raymondbowen')",0.0,0.0,2,0.0,0,3,2,1,32,3,1.0,0.0,0
"('tanajones', 'elizabethlinnell')",0.0,0.0,13,0.0,0,3,13,1,36,2,0.15384615384615385,0.0,0
"('cindyolson', 'alanaronowitz')",0.0,0.0,2,0.0,0,5,1,2,1,7,0.0,0.0,0
"('arsystem', 'johnlavorato')",0.0,0.0,22,0.0,0,3,2,11,3,40,0.0,0.21818181818181817,0
"('travismccullough', 'info')",0.0,0.0,1,0.0,0,4,1,1,1,1,0.0,0.0,0
"('stewartrosman', 'chrisstokley')",0.0,0.0,1,0.0,0,6,1,1,1,1,0.0,0.0,0
"('arsystem', 'ziminlu')",0.0,0.0,2,0.0,0,4,2,1,3,2,0.0,0.0,0
"('markkoenig', 'scottneal')",0.0,0.0,9,0.0,0,-1,3,3,5,3,0.0,0.0,0
"('vkamins', 'barrytycholiz')",0.0,0.0,10,0.0,0,-1,1,10,2,54,0.0,0.2222222222222222,0
"('brenthendry', 'davidforster')",0.0,0.0,4,0.0,0,4,1,4,8,10,0.0,0.5,0
"('janetdietrich', 'rodhayslett')",0.0,0.0,6,0.0,0,3,3,2,12,4,0.3333333333333333,0.0,0
"('robertfrank', 'markkoenig')",0.0,0.0,3,0.0,0,3,1,3,10,5,0.0,0.0,0
"('laureladams', 'torikuykendall')",0.0,0.0,3,0.0,0,6,3,1,4,2,0.0,0.0,0
"('matthewlenhart', 'richardshapiro')",0.0,0.0,33,0.0,0,4,3,11,6,109,0.6666666666666666,0.23636363636363636,0
"('kevinhyatt', 'shonawilson')",0.0,0.0,6,0.0,0,7,3,2,7,4,0.0,0.0,0
"('dutchquigley', 'kamkeiser')",0.0,0.0,6,0.0,0,-1,6,1,12,1,0.3333333333333333,0.0,0
"('keithholst', 'andyzipper')",0.0,0.0,3,0.0,0,3,1,3,1,3,0.0,0.3333333333333333,0
"('dutchquigley', 'ziminlu')",0.6213349345596119,0.2,6,0.2,1,2,6,1,12,2,0.3333333333333333,0.0,0
"('chrisabel', 'sheilaglover')",0.0,0.0,4,0.0,0,4,2,2,4,17,1.0,1.0,0
"('matthewlenhart', 'lisamellencamp')",0.0,0.0,3,0.0,0,4,3,1,6,9,0.6666666666666666,0.0,0
"('karendenne', 'cindyolson')",0.0,0.0,5,0.0,0,3,5,1,26,1,0.4,0.0,0
"('mikegrigsby', 'eldon')",0.0,0.0,14,0.0,0,3,7,2,49,14,0.19047619047619047,1.0,0
"('robertbadeer', 'lornabrennan')",0.0,0.0,1,0.0,0,8,1,1,2,2,0.0,0.0,0
"('info', 'johngriffith')",0.0,0.0,5,0.0,0,4,1,5,1,10,0.0,0.3,0
"('errolmclaughlin', 'amyfitzpatrick')",0.0,0.0,4,0.0,0,4,2,2,9,2,1.0,0.0,0
"('kamkeiser', 'matthewlenhart')",0.0,0.0,3,0.0,0,-1,1,3,1,6,0.0,0.6666666666666666,0
"('chrisstokley', 'drewfossum')",0.0,0.0,5,0.0,0,4,1,5,1,11,0.0,0.0,0
"('kevinhyatt', 'christianyoder')",0.0,0.0,9,0.0,0,6,3,3,7,5,0.0,0.0,0
"('timbelden', 'davidoxley')",0.0,0.0,18,0.0,0,3,6,3,49,4,0.2,1.0,0
"('marcusnettelton', 'brittdavis')",0.0,0.0,3,0.0,0,6,3,1,5,1,0.0,0.0,0
"('lornabrennan', 'nancysellers')",0.0,0.0,4,0.0,0,6,1,4,2,34,0.0,0.5,0
"('lindydonoho', 'jimschwieger')",0.0,0.0,15,0.0,0,5,5,3,17,4,0.5,0.3333333333333333,0
"('marieheard', 'lisamellencamp')",0.0,0.0,8,0.0,0,4,8,1,25,9,0.6071428571428571,0.0,0
"('shonawilson', 'gregwhalley')",0.0,0.0,22,0.0,0,3,2,11,4,21,0.0,0.3090909090909091,0
"('laureladams', 'johnlavorato')",0.0,0.0,33,0.0,0,5,3,11,4,40,0.0,0.21818181818181817,0
"('cameron', 'ericbass')",0.0,0.0,8,0.0,0,4,2,4,32,37,1.0,0.16666666666666666,0
"('cheryljohnson', 'robmilnthorp')",0.0,0.0,1,0.0,0,6,1,1,1,3,0.0,0.0,0
"('lornabrennan', 'inarangel')",0.0,0.0,6,0.0,0,7,1,6,2,19,0.0,0.13333333333333333,0
"('markkoenig', 'wescolwell')",0.32351545314867247,0.2,9,0.045454545454545456,1,2,3,3,5,4,0.0,0.6666666666666666,0
"('joehartsoe', 'vkamins')",0.0,0.0,2,0.0,0,-1,2,1,7,2,0.0,0.0,0
"('alanaronowitz', 'garyhickerson')",0.0,0.0,2,0.0,0,5,2,1,7,1,0.0,0.0,0
"('keithholst', 'brenthendry')",0.0,0.0,1,0.0,0,5,1,1,1,8,0.0,0.0,0
"('audreyrobertson', 'keithholst')",0.0,0.0,4,0.0,0,5,4,1,20,1,0.5,0.0,0
"('rickbuy', 'larrycampbell')",0.0,0.0,12,0.0,0,6,6,2,17,8,0.06666666666666667,0.0,0
"('christianyoder', 'torikuykendall')",0.0,0.0,3,0.0,0,5,3,1,5,2,0.0,0.0,0
"('lauraluce', 'timbelden')",0.0,0.0,30,0.0,0,3,5,6,19,49,0.7,0.2,0
"('jamesderrick', 'edwardsacks')",0.0,0.0,9,0.0,0,4,3,3,6,3,0.0,0.0,0
"('martincuilla', 'markkoenig')",0.0,0.0,6,0.0,0,4,2,3,8,5,0.0,0.0,0
"('michellelokay', 'travismccullough')",0.0,0.0,4,0.0,0,6,4,1,31,1,0.5,0.0,0
"('andyzipper', 'marycook')",0.0,0.0,30,0.0,0,3,3,10,3,36,0.3333333333333333,0.4222222222222222,0
"('jamesderrick', 'stephaniepanus')",0.0,0.0,18,0.0,0,5,3,6,6,6,0.0,0.9333333333333333,0
"('timbelden', 'johnarnold')",0.3898712452512801,0.07142857142857142,54,0.07692307692307693,1,2,6,9,49,38,0.2,0.1388888888888889,0
"('danadavis', 'robertbadeer')",0.0,0.0,1,0.0,0,4,1,1,1,2,0.0,0.0,0
"('chrisstokley', 'stewartrosman')",0.0,0.0,1,0.0,0,6,1,1,1,1,0.0,0.0,0
"('torikuykendall', 'elizabethlinnell')",0.0,0.0,1,0.0,0,5,1,1,2,2,0.0,0.0,0
"('mikegrigsby', 'lauraluce')",0.8513268733274981,0.2,35,0.19090909090909092,2,2,7,5,49,19,0.19047619047619047,0.7,0
"('tklohman', 'elizabethlinnell')",0.0,0.0,5,0.0,0,5,5,1,25,2,0.5,0.0,0
"('davidoxley', 'raymondbowen')",0.32351545314867247,0.3333333333333333,3,0.045454545454545456,1,2,3,1,4,3,1.0,0.0,0
"('johngriffith', 'alanaronowitz')",0.0,0.0,10,0.0,0,3,5,2,10,7,0.3,0.0,0
"('drewfossum', 'marcusnettelton')",0.0,0.0,15,0.0,0,5,5,3,11,5,0.0,0.0,0
"('raymondbowen', 'victorlamadrid')",0.0,0.0,1,0.0,0,-1,1,1,3,2,0.0,0.0,0
"('alanaronowitz', 'christianyoder')",0.45511961331341866,0.25,6,0.1111111111111111,1,2,2,3,7,5,0.0,0.0,0
"('markkoenig', 'mikemaggi')",0.0,0.0,3,0.0,0,3,3,1,5,3,0.0,0.0,0
"('andyzipper', 'travismccullough')",0.0,0.0,3,0.0,0,5,3,1,3,1,0.3333333333333333,0.0,0
"('frankermis', 'mikemaggi')",0.0,0.0,2,0.0,0,4,2,1,11,3,0.0,0.0,0
"('mikemaggi', 'richardshapiro')",0.0,0.0,11,0.0,0,3,1,11,3,109,0.0,0.23636363636363636,0
"('karendenne', 'keithholst')",0.0,0.0,5,0.0,0,3,5,1,26,1,0.4,0.0,0
"('jimschwieger', 'kamkeiser')",0.0,0.0,3,0.0,0,-1,3,1,4,1,0.3333333333333333,0.0,0
"('douggilbert-smith', 'frankermis')",0.0,0.0,2,0.0,0,4,1,2,1,11,0.0,0.0,0
"('sheilaglover', 'jayreitmeyer')",0.0,0.0,2,0.0,0,5,2,1,17,3,1.0,0.0,0
"('elizabethlinnell', 'johnarnold')",0.0,0.0,9,0.0,0,3,1,9,2,38,0.0,0.1388888888888889,0
"('susanbailey', 'gregwhalley')",0.0,0.0,66,0.0,0,4,6,11,20,21,0.9333333333333333,0.3090909090909091,0
"('mikemaggi', 'paulkaufman')",0.0,0.0,4,0.0,0,4,1,4,3,29,0.0,0.8333333333333334,0
"('cameron', 'ziminlu')",0.0,0.0,2,0.0,0,5,2,1,32,2,1.0,0.0,0
"('louisekitchen', 'stewartrosman')",0.0,0.0,22,0.0,0,3,22,1,80,1,0.1038961038961039,0.0,0
"('jamesderrick', 'dutchquigley')",0.0,0.0,18,0.0,0,4,3,6,6,12,0.0,0.3333333333333333,0
"('tanajones', 'russelldiamond')",0.5581106265512472,0.07692307692307693,13,0.16666666666666666,1,2,13,1,36,3,0.15384615384615385,0.0,0
"('psellers', 'lorrainelindberg')",0.0,0.0,8,0.0,0,4,2,4,25,29,1.0,0.8333333333333334,0
"('russelldiamond', 'christianyoder')",0.0,0.0,3,0.0,0,5,1,3,3,5,0.0,0.0,0
"('marieheard', 'lauraluce')",0.0,0.0,40,0.0,0,4,8,5,25,19,0.6071428571428571,0.7,0
"('kevinhyatt', 'jimschwieger')",0.0,0.0,9,0.0,0,6,3,3,7,4,0.0,0.3333333333333333,0
"('ziminlu', 'kevinhyatt')",0.0,0.0,3,0.0,0,8,1,3,2,7,0.0,0.0,0
"('samanthaboyd', 'elizabethlinnell')",0.0,0.0,6,0.0,0,4,6,1,12,2,0.9333333333333333,0.0,0
"('elizabethlinnell', 'lindydonoho')",0.0,0.0,5,0.0,0,5,1,5,2,17,0.0,0.5,0
"('ziminlu', 'jamesderrick')",0.0,0.0,3,0.0,0,5,1,3,2,6,0.0,0.0,0
"('lornabrennan', 'sheilaglover')",0.0,0.0,2,0.0,0,7,1,2,2,17,0.0,1.0,0
"('kevinhyatt', 'paulkaufman')",0.0,0.0,12,0.0,0,5,3,4,7,29,0.0,0.8333333333333334,0
"('davidforster', 'garyhickerson')",0.0,0.0,4,0.0,0,3,4,1,10,1,0.5,0.0,0
"('mikegrigsby', 'drewfossum')",0.0,0.0,35,0.0,0,5,7,5,49,11,0.19047619047619047,0.0,0
"('matthewlenhart', 'lornabrennan')",0.0,0.0,3,0.0,0,8,3,1,6,2,0.6666666666666666,0.0,0
"('laureladams', 'brianredmond')",0.0,0.0,9,0.0,0,5,3,3,4,5,0.0,1.0,0
"('vkaminski', 'errolmclaughlin')",0.0,0.0,2,0.0,0,-1,1,2,2,9,0.0,1.0,0
"('tanyarohauer', 'robmilnthorp')",0.0,0.0,4,0.0,0,5,4,1,8,3,0.6666666666666666,0.0,0
"('lorrainelindberg', 'errolmclaughlin')",0.0,0.0,8,0.0,0,6,4,2,29,9,0.8333333333333334,1.0,0
"('janetdietrich', 'alanaronowitz')",0.0,0.0,6,0.0,0,4,3,2,12,7,0.3333333333333333,0.0,0
"('chrisgermany', 'edwardsacks')",0.0,0.0,3,0.0,0,-1,1,3,2,3,0.0,0.0,0
"('torikuykendall', 'marycook')",0.0,0.0,10,0.0,0,4,1,10,2,36,0.0,0.4222222222222222,0
"('markkoenig', 'elizabethlinnell')",0.0,0.0,3,0.0,0,3,3,1,5,2,0.0,0.0,0
"('vkaminski', 'chrisgermany')",0.0,0.0,1,0.0,0,-1,1,1,2,2,0.0,0.0,0
"('jamesderrick', 'robertbadeer')",0.0,0.0,3,0.0,0,5,3,1,6,2,0.0,0.0,0
"('keithholst', 'matthewlenhart')",0.0,0.0,3,0.0,0,3,1,3,1,6,0.0,0.6666666666666666,0
"('elizabethlinnell', 'chrisgermany')",0.0,0.0,1,0.0,0,-1,1,1,2,2,0.0,0.0,0
"('raymondbowen', 'nancysellers')",0.0,0.0,4,0.0,0,3,1,4,3,34,0.0,0.5,0
"('rodhayslett', 'arsystem')",0.0,0.0,4,0.0,0,5,2,2,4,3,0.0,0.0,0
"('matthewlenhart', 'stephaniepanus')",0.0,0.0,18,0.0,0,4,3,6,6,6,0.6666666666666666,0.9333333333333333,0
"('geraldnemec', 'elizabethsager')",0.0,0.0,9,0.0,0,-1,1,9,19,15,0.0,0.05555555555555555,0
"('chrisgermany', 'douggilbert-smith')",0.0,0.0,1,0.0,0,-1,1,1,2,1,0.0,0.0,0
"('robertfrank', 'robertbadeer')",0.0,0.0,1,0.0,0,5,1,1,10,2,0.0,0.0,0
"('wescolwell', 'jamesderrick')",0.0,0.0,9,0.0,0,3,3,3,4,6,0.6666666666666666,0.0,0
"('lisamellencamp', 'jimschwieger')",0.0,0.0,3,0.0,0,3,1,3,9,4,0.0,0.3333333333333333,0
"('janetdietrich', 'victorlamadrid')",0.0,0.0,3,0.0,0,-1,3,1,12,2,0.3333333333333333,0.0,0
"('geraldnemec', 'russelldiamond')",0.0,0.0,1,0.0,0,-1,1,1,19,3,0.0,0.0,0
"('janetdietrich', 'gregwhalley')",0.7699885152890075,0.16666666666666666,33,0.1497326203208556,2,2,3,11,12,21,0.3333333333333333,0.3090909090909091,0
"('edwardsacks', 'garyhickerson')",0.0,0.0,3,0.0,0,4,3,1,3,1,0.0,0.0,0
"('jamesderrick', 'rodhayslett')",0.6213349345596119,0.25,6,0.2,1,2,3,2,6,4,0.0,0.0,0
"('christianyoder', 'shonawilson')",0.0,0.0,6,0.0,0,4,3,2,5,4,0.0,0.0,0
"('vkaminski', 'chrisstokley')",0.0,0.0,1,0.0,0,-1,1,1,2,1,0.0,0.0,0
"('joehartsoe', 'rickbuy')",0.0,0.0,12,0.0,0,5,2,6,7,17,0.0,0.06666666666666667,0
"('edwardsacks', 'louisekitchen')",0.0,0.0,66,0.0,0,3,3,22,3,80,0.0,0.1038961038961039,0
"('elizabethlinnell', 'raymondbowen')",0.0,0.0,1,0.0,0,3,1,1,2,3,0.0,0.0,0
"('lauraluce', 'sheilaglover')",0.0,0.0,10,0.0,0,5,5,2,19,17,0.7,1.0,0
"('wescolwell', 'kamkeiser')",0.0,0.0,3,0.0,0,-1,3,1,4,1,0.6666666666666666,0.0,0
"('christianyoder', 'davidoxley')",0.0,0.0,9,0.0,0,3,3,3,5,4,0.0,1.0,0
"('inarangel', 'russelldiamond')",0.0,0.0,6,0.0,0,3,6,1,19,3,0.13333333333333333,0.0,0
"('elizabethsager', 'jimschwieger')",0.0,0.0,27,0.0,0,4,9,3,15,4,0.05555555555555555,0.3333333333333333,0
"('brianredmond', 'susanbailey')",0.0,0.0,18,0.0,0,4,3,6,5,20,1.0,0.9333333333333333,0
"('eldon', 'geraldnemec')",0.0,0.0,2,0.0,0,-1,2,1,14,19,1.0,0.0,0
"('tklohman', 'johnarnold')",0.0,0.0,45,0.0,0,5,5,9,25,38,0.5,0.1388888888888889,0
"('alanaronowitz', 'jimschwieger')",0.0,0.0,6,0.0,0,4,2,3,7,4,0.0,0.3333333333333333,0
"('dutchquigley', 'paulkaufman')",0.0,0.0,24,0.0,0,3,6,4,12,29,0.3333333333333333,0.8333333333333334,0
"('markkoenig', 'nancysellers')",0.0,0.0,12,0.0,0,3,3,4,5,34,0.0,0.5,0
"('geraldnemec', 'lornabrennan')",0.0,0.0,1,0.0,0,-1,1,1,19,2,0.0,0.0,0
"('jayreitmeyer', 'errolmclaughlin')",0.0,0.0,2,0.0,0,3,1,2,3,9,0.0,1.0,0
"('michellecash', 'rodhayslett')",0.0,0.0,10,0.0,0,3,5,2,5,4,0.0,0.0,0
"('markkoenig', 'ericbass')",0.0,0.0,12,0.0,0,3,3,4,5,37,0.0,0.16666666666666666,0
"('ericbass', 'robertbadeer')",0.5138983423697507,0.25,4,0.14285714285714285,1,2,4,1,37,2,0.16666666666666666,0.0,0
"('barrytycholiz', 'rodhayslett')",0.0,0.0,20,0.0,0,3,10,2,54,4,0.2222222222222222,0.0,0
"('lauraluce', 'jamesderrick')",0.0,0.0,15,0.0,0,3,5,3,19,6,0.7,0.0,0
"('marycook', 'stephaniesever')",0.3898712452512801,0.1,10,0.07692307692307693,1,2,10,1,36,10,0.4222222222222222,0.0,0
"('stephaniepanus', 'jimschwieger')",0.0,0.0,18,0.0,0,4,6,3,6,4,0.9333333333333333,0.3333333333333333,0
"('ziminlu', 'edwardsacks')",0.0,0.0,3,0.0,0,5,1,3,2,3,0.0,0.0,0
"('debraperlingiere', 'stephaniepanus')",0.0,0.0,6,0.0,0,-1,1,6,19,6,0.0,0.9333333333333333,0
"('arsystem', 'brittdavis')",0.0,0.0,2,0.0,0,7,2,1,3,1,0.0,0.0,0
"('johnarnold', 'edwardsacks')",0.0,0.0,27,0.0,0,3,9,3,38,3,0.1388888888888889,0.0,0
"('kennethlay', 'psellers')",0.0,0.0,10,0.0,0,3,5,2,9,25,0.4,1.0,0
"('michellelokay', 'mikegrigsby')",0.0,0.0,28,0.0,0,4,4,7,31,49,0.5,0.19047619047619047,0
"('sarashackleton', 'robertbadeer')",0.0,0.0,10,0.0,0,5,10,1,34,2,0.28888888888888886,0.0,0
"('larrycampbell', 'stewartrosman')",0.0,0.0,2,0.0,0,7,2,1,8,1,0.0,0.0,0
"('douggilbert-smith', 'sallybeck')",0.0,0.0,4,0.0,0,3,1,4,1,14,0.0,0.16666666666666666,0
"('arsystem', 'chrisgermany')",0.0,0.0,2,0.0,0,-1,2,1,3,2,0.0,0.0,0
"('timbelden', 'rickbuy')",0.9102392266268373,0.09090909090909091,36,0.3333333333333333,1,2,6,6,49,17,0.2,0.06666666666666667,0
"('michellelokay', 'rickbuy')",0.0,0.0,24,0.0,0,4,4,6,31,17,0.5,0.06666666666666667,0
"('shelleycorman', 'robertbadeer')",0.0,0.0,3,0.0,0,7,3,1,7,2,0.0,0.0,0
"('davidport', 'geraldnemec')",0.0,0.0,5,0.0,0,-1,5,1,19,19,0.1,0.0,0
"('ericbass', 'travismccullough')",0.0,0.0,4,0.0,0,5,4,1,37,1,0.16666666666666666,0.0,0
"('victorlamadrid', 'amyfitzpatrick')",0.0,0.0,2,0.0,0,-1,1,2,2,2,0.0,0.0,0
"('audreyrobertson', 'danadavis')",0.0,0.0,4,0.0,0,4,4,1,20,1,0.5,0.0,0
"('cheryljohnson', 'robertbadeer')",0.0,0.0,1,0.0,0,7,1,1,1,2,0.0,0.0,0
"('sarahnovosel', 'lauraluce')",0.7405478445729188,0.2222222222222222,30,0.13636363636363635,2,2,6,5,16,19,0.6666666666666666,0.7,0
"('sallybeck', 'mikemaggi')",0.0,0.0,4,0.0,0,3,4,1,14,3,0.16666666666666666,0.0,0
"('ericbass', 'jayreitmeyer')",0.0,0.0,4,0.0,0,3,4,1,37,3,0.16666666666666666,0.0,0
"('debraperlingiere', 'martincuilla')",0.0,0.0,2,0.0,0,-1,1,2,19,8,0.0,0.0,0
"('sarahnovosel', 'tanyarohauer')",0.0,0.0,24,0.0,0,4,6,4,16,8,0.6666666666666666,0.6666666666666666,0
"('cameron', 'vkamins')",0.0,0.0,2,0.0,0,-1,2,1,32,2,1.0,0.0,0
"('laureladams', 'garyhickerson')",0.0,0.0,3,0.0,0,5,3,1,4,1,0.0,0.0,0
"('victorlamadrid', 'timbelden')",0.0,0.0,6,0.0,0,-1,1,6,2,49,0.0,0.2,0
"('richardshapiro', 'ericbass')",0.0,0.0,44,0.0,0,3,11,4,109,37,0.23636363636363636,0.16666666666666666,0
"('arsystem', 'kaymann')",0.45511961331341866,0.3333333333333333,4,0.1111111111111111,1,2,2,2,3,2,0.0,0.0,0
"('garyhickerson', 'michellecash')",0.0,0.0,5,0.0,0,3,1,5,1,5,0.0,0.0,0
"('lindydonoho', 'brianredmond')",0.0,0.0,15,0.0,0,5,5,3,17,5,0.5,1.0,0
"('vkamins', 'chrisabel')",0.0,0.0,2,0.0,0,-1,1,2,2,4,0.0,1.0,0
"('chrisgermany', 'russelldiamond')",0.0,0.0,1,0.0,0,-1,1,1,2,3,0.0,0.0,0
"('psellers', 'robmilnthorp')",0.0,0.0,2,0.0,0,3,2,1,25,3,1.0,0.0,0
"('eldon', 'timbelden')",0.35295612386476116,0.14285714285714285,12,0.058823529411764705,1,2,2,6,14,49,1.0,0.2,0
"('jeffdasovich', 'geraldnemec')",0.0,0.0,17,0.0,0,-1,17,1,280,19,0.1619047619047619,0.0,0
"('elizabethlinnell', 'jimschwieger')",0.0,0.0,3,0.0,0,3,1,3,2,4,0.0,0.3333333333333333,0
"('arsystem', 'martincuilla')",0.0,0.0,4,0.0,0,6,2,2,3,8,0.0,0.0,0
"('laureladams', 'barrytycholiz')",0.0,0.0,30,0.0,0,4,3,10,4,54,0.0,0.2222222222222222,0
"('davidoxley', 'jamesderrick')",0.0,0.0,9,0.0,0,3,3,3,4,6,1.0,0.0,0
"('danadavis', 'sarashackleton')",0.0,0.0,10,0.0,0,4,1,10,1,34,0.0,0.28888888888888886,0
"('susanbailey', 'michellecash')",0.0,0.0,30,0.0,0,4,6,5,20,5,0.9333333333333333,0.0,0
"('robertfrank', 'ericbass')",0.0,0.0,4,0.0,0,4,1,4,10,37,0.0,0.16666666666666666,0
"('frankermis', 'debraperlingiere')",0.0,0.0,2,0.0,0,-1,2,1,11,19,0.0,0.0,0
"('samanthaboyd', 'ericbass')",0.0,0.0,24,0.0,0,5,6,4,12,37,0.9333333333333333,0.16666666666666666,0
"('davidforster', 'ziminlu')",0.0,0.0,4,0.0,0,4,4,1,10,2,0.5,0.0,0
"('shonawilson', 'psellers')",0.0,0.0,4,0.0,0,4,2,2,4,25,0.0,1.0,0
"('raymondbowen', 'jamesderrick')",0.0,0.0,3,0.0,0,3,1,3,3,6,0.0,0.0,0
"('wescolwell', 'danadavis')",0.32351545314867247,0.3333333333333333,3,0.045454545454545456,1,2,3,1,4,1,0.6666666666666666,0.0,0
"('jamesderrick', 'sarashackleton')",0.0,0.0,30,0.0,0,4,3,10,6,34,0.0,0.28888888888888886,0
"('markkoenig', 'janetdietrich')",0.5581106265512472,0.2,9,0.16666666666666666,1,2,3,3,5,12,0.0,0.3333333333333333,0
"('jimschwieger', 'torikuykendall')",0.0,0.0,3,0.0,0,4,3,1,4,2,0.3333333333333333,0.0,0
"('brenthendry', 'eldon')",0.0,0.0,2,0.0,0,5,1,2,8,14,0.0,1.0,0
"('sarahnovosel', 'brianredmond')",0.32351545314867247,0.125,18,0.045454545454545456,1,2,6,3,16,5,0.6666666666666666,1.0,0
"('andyzipper', 'richardshapiro')",0.4170323914242463,0.07692307692307693,33,0.09090909090909091,1,2,3,11,3,109,0.3333333333333333,0.23636363636363636,0
"('michellecash', 'vkaminski')",0.0,0.0,5,0.0,0,-1,5,1,5,2,0.0,0.0,0
